[{"model": "contenttypes.contenttype", "pk": 1, "fields": {"app_label": "admin", "model": "logentry"}}, {"model": "contenttypes.contenttype", "pk": 2, "fields": {"app_label": "auth", "model": "permission"}}, {"model": "contenttypes.contenttype", "pk": 3, "fields": {"app_label": "auth", "model": "group"}}, {"model": "contenttypes.contenttype", "pk": 4, "fields": {"app_label": "auth", "model": "user"}}, {"model": "contenttypes.contenttype", "pk": 5, "fields": {"app_label": "contenttypes", "model": "contenttype"}}, {"model": "contenttypes.contenttype", "pk": 6, "fields": {"app_label": "sessions", "model": "session"}}, {"model": "contenttypes.contenttype", "pk": 7, "fields": {"app_label": "BlogApp", "model": "blogtype"}}, {"model": "contenttypes.contenttype", "pk": 8, "fields": {"app_label": "BlogApp", "model": "blog"}}, {"model": "contenttypes.contenttype", "pk": 9, "fields": {"app_label": "read_statistics", "model": "readnum"}}, {"model": "contenttypes.contenttype", "pk": 10, "fields": {"app_label": "read_statistics", "model": "readdetail"}}, {"model": "contenttypes.contenttype", "pk": 11, "fields": {"app_label": "comment", "model": "comment"}}, {"model": "contenttypes.contenttype", "pk": 12, "fields": {"app_label": "likes", "model": "likerecord"}}, {"model": "contenttypes.contenttype", "pk": 13, "fields": {"app_label": "likes", "model": "likecount"}}, {"model": "contenttypes.contenttype", "pk": 14, "fields": {"app_label": "user", "model": "profile"}}, {"model": "contenttypes.contenttype", "pk": 15, "fields": {"app_label": "blogapp", "model": "blog"}}, {"model": "sessions.session", "pk": "0es80lg1ytcp7uckrhhdas5ybnjs1o3g", "fields": {"session_data": "YWUyY2FjYjMzY2ZlNzQ3ZDc4NjE5YjcwOTA4ZDNiMmFkMjNhNmRjNjp7Il9hdXRoX3VzZXJfaWQiOiIxIiwiX2F1dGhfdXNlcl9iYWNrZW5kIjoiZGphbmdvLmNvbnRyaWIuYXV0aC5iYWNrZW5kcy5Nb2RlbEJhY2tlbmQiLCJfYXV0aF91c2VyX2hhc2giOiI5MGNmYmNmMDdiNmUyMThhMmU4NzkxYmUxZmI5OWZhOWEzMTJjYTcyIn0=", "expire_date": "2020-01-23T20:29:11.716"}}, {"model": "sessions.session", "pk": "179i51s86nm60an18mamrj7dt4c70nll", "fields": {"session_data": "YjRlYzY2N2NiNjI2NWJiZjBkOTg1YThiY2Q4NTBkYTkyMTM4MjExOTp7fQ==", "expire_date": "2019-12-15T14:12:58.276"}}, {"model": "sessions.session", "pk": "19228iq6hg7mypyo3il0xgcclmslnyha", "fields": {"session_data": "ZWVmNzU0YWMwODZhOGU0ZTQ3NzFhYWVlNjRiM2NiY2I2ZGE3MjNjZTp7Il9hdXRoX3VzZXJfaWQiOiIxIiwiX2F1dGhfdXNlcl9iYWNrZW5kIjoiZGphbmdvLmNvbnRyaWIuYXV0aC5iYWNrZW5kcy5Nb2RlbEJhY2tlbmQiLCJfYXV0aF91c2VyX2hhc2giOiI5MGNmYmNmMDdiNmUyMThhMmU4NzkxYmUxZmI5OWZhOWEzMTJjYTcyIiwiYmluZ2RfZWFtaWxfY29kZSI6Ikg3Z2wiLCJiaW5kX2VtYWlsX2NvZGUiOiJwY2dJIiwic2ltcGxldWlfMjAyMDAxMTgiOnRydWV9", "expire_date": "2020-02-01T22:21:41.937"}}, {"model": "sessions.session", "pk": "5wwlcyriwv30fzwuruakeizimw08xmcm", "fields": {"session_data": "ZDNiZWRkYjNlMWJiZDJiMDBiNGQ2YmI0MTE0ZWZhMzE2NmYxY2VkMzp7Il9hdXRoX3VzZXJfaWQiOiIxIiwiX2F1dGhfdXNlcl9iYWNrZW5kIjoiZGphbmdvLmNvbnRyaWIuYXV0aC5iYWNrZW5kcy5Nb2RlbEJhY2tlbmQiLCJfYXV0aF91c2VyX2hhc2giOiI5MGNmYmNmMDdiNmUyMThhMmU4NzkxYmUxZmI5OWZhOWEzMTJjYTcyIiwic2ltcGxldWlfMjAxOTEyMTkiOnRydWUsInNpbXBsZXVpXzIwMTkxMjIwIjp0cnVlLCJzaW1wbGV1aV8yMDE5MTIyMiI6dHJ1ZSwic2ltcGxldWlfMjAxOTEyMjUiOnRydWUsInNpbXBsZXVpXzIwMTkxMjI4Ijp0cnVlfQ==", "expire_date": "2020-01-11T06:43:30.452"}}, {"model": "sessions.session", "pk": "8z3d6ficpzycit3tqprxlkp6ubbjdztt", "fields": {"session_data": "YWUyY2FjYjMzY2ZlNzQ3ZDc4NjE5YjcwOTA4ZDNiMmFkMjNhNmRjNjp7Il9hdXRoX3VzZXJfaWQiOiIxIiwiX2F1dGhfdXNlcl9iYWNrZW5kIjoiZGphbmdvLmNvbnRyaWIuYXV0aC5iYWNrZW5kcy5Nb2RlbEJhY2tlbmQiLCJfYXV0aF91c2VyX2hhc2giOiI5MGNmYmNmMDdiNmUyMThhMmU4NzkxYmUxZmI5OWZhOWEzMTJjYTcyIn0=", "expire_date": "2020-01-23T20:22:58.985"}}, {"model": "sessions.session", "pk": "a4t6n9e099jivu6hccfohg407f46jp5a", "fields": {"session_data": "YjRlYzY2N2NiNjI2NWJiZjBkOTg1YThiY2Q4NTBkYTkyMTM4MjExOTp7fQ==", "expire_date": "2020-03-04T17:53:53.634"}}, {"model": "sessions.session", "pk": "agqnp9icb4hjk5pvufwdpyht10p6e8tr", "fields": {"session_data": "MmE4NzFhZTc3ZjliZWQ3ZDQ2NmMyMmJiOThjZTgxOTExMDBjMmIxNTp7Il9hdXRoX3VzZXJfaWQiOiIxIiwiX2F1dGhfdXNlcl9iYWNrZW5kIjoiZGphbmdvLmNvbnRyaWIuYXV0aC5iYWNrZW5kcy5Nb2RlbEJhY2tlbmQiLCJfYXV0aF91c2VyX2hhc2giOiJjNjc5OTY1ZjA1NjliZWMwMWEyYmQ3NWI4ODlmZWNiNGVhNzhhOWUwIiwic2ltcGxldWlfMjAyMDAyMjEiOnRydWV9", "expire_date": "2020-03-06T15:58:43.749"}}, {"model": "sessions.session", "pk": "auo0taq20py4s5bazw9moxx6yfgi3815", "fields": {"session_data": "YWUyY2FjYjMzY2ZlNzQ3ZDc4NjE5YjcwOTA4ZDNiMmFkMjNhNmRjNjp7Il9hdXRoX3VzZXJfaWQiOiIxIiwiX2F1dGhfdXNlcl9iYWNrZW5kIjoiZGphbmdvLmNvbnRyaWIuYXV0aC5iYWNrZW5kcy5Nb2RlbEJhY2tlbmQiLCJfYXV0aF91c2VyX2hhc2giOiI5MGNmYmNmMDdiNmUyMThhMmU4NzkxYmUxZmI5OWZhOWEzMTJjYTcyIn0=", "expire_date": "2019-12-21T11:31:49.536"}}, {"model": "sessions.session", "pk": "el4anw35fs31rlsna36e3imw3nxdj094", "fields": {"session_data": "YjRlYzY2N2NiNjI2NWJiZjBkOTg1YThiY2Q4NTBkYTkyMTM4MjExOTp7fQ==", "expire_date": "2020-03-04T17:55:02.822"}}, {"model": "sessions.session", "pk": "fn67ofotgppg9ef01jr46vv531vmmm59", "fields": {"session_data": "NjdiMTI0ZjA4MjhjMWRlNGFjZThiZGQxZTMxMmIxYjllNjQzZTFkYzp7Il9hdXRoX3VzZXJfaWQiOiIyIiwiX2F1dGhfdXNlcl9iYWNrZW5kIjoiZGphbmdvLmNvbnRyaWIuYXV0aC5iYWNrZW5kcy5Nb2RlbEJhY2tlbmQiLCJfYXV0aF91c2VyX2hhc2giOiIwOTY0M2U4ZWQ4ZDUzNTc5MDg3YzczYzJhNjA4ZjRmYWYyOTI3ZDM4In0=", "expire_date": "2019-12-07T10:00:56.289"}}, {"model": "sessions.session", "pk": "gphivhm4zej21fyv19lb1gc5hfzafr57", "fields": {"session_data": "YWUyY2FjYjMzY2ZlNzQ3ZDc4NjE5YjcwOTA4ZDNiMmFkMjNhNmRjNjp7Il9hdXRoX3VzZXJfaWQiOiIxIiwiX2F1dGhfdXNlcl9iYWNrZW5kIjoiZGphbmdvLmNvbnRyaWIuYXV0aC5iYWNrZW5kcy5Nb2RlbEJhY2tlbmQiLCJfYXV0aF91c2VyX2hhc2giOiI5MGNmYmNmMDdiNmUyMThhMmU4NzkxYmUxZmI5OWZhOWEzMTJjYTcyIn0=", "expire_date": "2020-01-23T20:28:04.757"}}, {"model": "sessions.session", "pk": "jh4mcnfzikp0z6n8da8a12fs452srry4", "fields": {"session_data": "YjRlYzY2N2NiNjI2NWJiZjBkOTg1YThiY2Q4NTBkYTkyMTM4MjExOTp7fQ==", "expire_date": "2020-03-04T17:50:56.744"}}, {"model": "sessions.session", "pk": "okoj2yqsilc1gheaky046pqozlugh3sl", "fields": {"session_data": "YjRlYzY2N2NiNjI2NWJiZjBkOTg1YThiY2Q4NTBkYTkyMTM4MjExOTp7fQ==", "expire_date": "2020-03-04T17:50:51.344"}}, {"model": "sessions.session", "pk": "qhdw24ne9msju7m4rf3kiuqg5lp7egaj", "fields": {"session_data": "N2E3ZmMyNWU5ODYzZDVkMGNlNmVhYzZhODFkZDhjODViOTlmNThjMzp7Il9hdXRoX3VzZXJfaWQiOiIxIiwiX2F1dGhfdXNlcl9iYWNrZW5kIjoiZGphbmdvLmNvbnRyaWIuYXV0aC5iYWNrZW5kcy5Nb2RlbEJhY2tlbmQiLCJfYXV0aF91c2VyX2hhc2giOiI5MGNmYmNmMDdiNmUyMThhMmU4NzkxYmUxZmI5OWZhOWEzMTJjYTcyIiwic2ltcGxldWlfMjAxOTEyMjgiOnRydWV9", "expire_date": "2020-01-11T11:44:29.766"}}, {"model": "sessions.session", "pk": "rfce6ix728nwvclx3zubays4n4lm8w40", "fields": {"session_data": "YjRlYzY2N2NiNjI2NWJiZjBkOTg1YThiY2Q4NTBkYTkyMTM4MjExOTp7fQ==", "expire_date": "2019-12-21T11:26:40.991"}}, {"model": "sessions.session", "pk": "s61rbiiam3fvippmumkkjulnt64tzn3b", "fields": {"session_data": "YWUyY2FjYjMzY2ZlNzQ3ZDc4NjE5YjcwOTA4ZDNiMmFkMjNhNmRjNjp7Il9hdXRoX3VzZXJfaWQiOiIxIiwiX2F1dGhfdXNlcl9iYWNrZW5kIjoiZGphbmdvLmNvbnRyaWIuYXV0aC5iYWNrZW5kcy5Nb2RlbEJhY2tlbmQiLCJfYXV0aF91c2VyX2hhc2giOiI5MGNmYmNmMDdiNmUyMThhMmU4NzkxYmUxZmI5OWZhOWEzMTJjYTcyIn0=", "expire_date": "2019-12-21T11:31:50.204"}}, {"model": "sessions.session", "pk": "txivpz3anqz4is5rgyted3quz5q5vdf6", "fields": {"session_data": "YWUyY2FjYjMzY2ZlNzQ3ZDc4NjE5YjcwOTA4ZDNiMmFkMjNhNmRjNjp7Il9hdXRoX3VzZXJfaWQiOiIxIiwiX2F1dGhfdXNlcl9iYWNrZW5kIjoiZGphbmdvLmNvbnRyaWIuYXV0aC5iYWNrZW5kcy5Nb2RlbEJhY2tlbmQiLCJfYXV0aF91c2VyX2hhc2giOiI5MGNmYmNmMDdiNmUyMThhMmU4NzkxYmUxZmI5OWZhOWEzMTJjYTcyIn0=", "expire_date": "2019-12-21T11:31:49.262"}}, {"model": "sessions.session", "pk": "wemkg1q9fz46gdo9kb7gh0wblja121wp", "fields": {"session_data": "YWUyY2FjYjMzY2ZlNzQ3ZDc4NjE5YjcwOTA4ZDNiMmFkMjNhNmRjNjp7Il9hdXRoX3VzZXJfaWQiOiIxIiwiX2F1dGhfdXNlcl9iYWNrZW5kIjoiZGphbmdvLmNvbnRyaWIuYXV0aC5iYWNrZW5kcy5Nb2RlbEJhY2tlbmQiLCJfYXV0aF91c2VyX2hhc2giOiI5MGNmYmNmMDdiNmUyMThhMmU4NzkxYmUxZmI5OWZhOWEzMTJjYTcyIn0=", "expire_date": "2020-01-23T20:22:43.356"}}, {"model": "sessions.session", "pk": "x0zu1udovk5sasl0fp1jsli0xo184xuk", "fields": {"session_data": "YWUyY2FjYjMzY2ZlNzQ3ZDc4NjE5YjcwOTA4ZDNiMmFkMjNhNmRjNjp7Il9hdXRoX3VzZXJfaWQiOiIxIiwiX2F1dGhfdXNlcl9iYWNrZW5kIjoiZGphbmdvLmNvbnRyaWIuYXV0aC5iYWNrZW5kcy5Nb2RlbEJhY2tlbmQiLCJfYXV0aF91c2VyX2hhc2giOiI5MGNmYmNmMDdiNmUyMThhMmU4NzkxYmUxZmI5OWZhOWEzMTJjYTcyIn0=", "expire_date": "2019-12-21T11:31:48.634"}}, {"model": "sessions.session", "pk": "yh39p5wtnn0tzwyj3l2t33bnm5xpdnek", "fields": {"session_data": "YWUyY2FjYjMzY2ZlNzQ3ZDc4NjE5YjcwOTA4ZDNiMmFkMjNhNmRjNjp7Il9hdXRoX3VzZXJfaWQiOiIxIiwiX2F1dGhfdXNlcl9iYWNrZW5kIjoiZGphbmdvLmNvbnRyaWIuYXV0aC5iYWNrZW5kcy5Nb2RlbEJhY2tlbmQiLCJfYXV0aF91c2VyX2hhc2giOiI5MGNmYmNmMDdiNmUyMThhMmU4NzkxYmUxZmI5OWZhOWEzMTJjYTcyIn0=", "expire_date": "2019-12-21T11:31:49.102"}}, {"model": "sessions.session", "pk": "yrj0g1560q8b7ouvcnx72sczv13iltob", "fields": {"session_data": "YWUyY2FjYjMzY2ZlNzQ3ZDc4NjE5YjcwOTA4ZDNiMmFkMjNhNmRjNjp7Il9hdXRoX3VzZXJfaWQiOiIxIiwiX2F1dGhfdXNlcl9iYWNrZW5kIjoiZGphbmdvLmNvbnRyaWIuYXV0aC5iYWNrZW5kcy5Nb2RlbEJhY2tlbmQiLCJfYXV0aF91c2VyX2hhc2giOiI5MGNmYmNmMDdiNmUyMThhMmU4NzkxYmUxZmI5OWZhOWEzMTJjYTcyIn0=", "expire_date": "2019-12-21T11:31:50.076"}}, {"model": "blogapp.blogtype", "pk": 1, "fields": {"type_name": "\u968f\u7b14"}}, {"model": "blogapp.blogtype", "pk": 2, "fields": {"type_name": "Django"}}, {"model": "blogapp.blogtype", "pk": 3, "fields": {"type_name": "\u6211\u7684\u535a\u5ba2"}}, {"model": "read_statistics.readnum", "pk": 1, "fields": {"read_num": 19, "content_type": 8, "object_id": 3}}, {"model": "read_statistics.readnum", "pk": 2, "fields": {"read_num": 16, "content_type": 8, "object_id": 2}}, {"model": "read_statistics.readnum", "pk": 3, "fields": {"read_num": 15, "content_type": 8, "object_id": 1}}, {"model": "read_statistics.readnum", "pk": 4, "fields": {"read_num": 23, "content_type": 8, "object_id": 8}}, {"model": "read_statistics.readnum", "pk": 5, "fields": {"read_num": 8, "content_type": 8, "object_id": 6}}, {"model": "read_statistics.readnum", "pk": 6, "fields": {"read_num": 15, "content_type": 8, "object_id": 7}}, {"model": "read_statistics.readnum", "pk": 7, "fields": {"read_num": 1, "content_type": 8, "object_id": 5}}, {"model": "read_statistics.readnum", "pk": 8, "fields": {"read_num": 2, "content_type": 8, "object_id": 4}}, {"model": "read_statistics.readnum", "pk": 9, "fields": {"read_num": 1, "content_type": 15, "object_id": 8}}, {"model": "read_statistics.readnum", "pk": 10, "fields": {"read_num": 1, "content_type": 15, "object_id": 6}}, {"model": "read_statistics.readdetail", "pk": 1, "fields": {"date": "2019-11-12", "read_num": 1, "content_type": 8, "object_id": 3}}, {"model": "read_statistics.readdetail", "pk": 2, "fields": {"date": "2019-11-12", "read_num": 1, "content_type": 8, "object_id": 2}}, {"model": "read_statistics.readdetail", "pk": 3, "fields": {"date": "2019-11-12", "read_num": 1, "content_type": 8, "object_id": 1}}, {"model": "read_statistics.readdetail", "pk": 4, "fields": {"date": "2019-11-13", "read_num": 1, "content_type": 8, "object_id": 2}}, {"model": "read_statistics.readdetail", "pk": 5, "fields": {"date": "2019-11-15", "read_num": 1, "content_type": 8, "object_id": 1}}, {"model": "read_statistics.readdetail", "pk": 6, "fields": {"date": "2019-11-15", "read_num": 1, "content_type": 8, "object_id": 2}}, {"model": "read_statistics.readdetail", "pk": 7, "fields": {"date": "2019-11-17", "read_num": 1, "content_type": 8, "object_id": 3}}, {"model": "read_statistics.readdetail", "pk": 8, "fields": {"date": "2019-11-19", "read_num": 1, "content_type": 8, "object_id": 1}}, {"model": "read_statistics.readdetail", "pk": 9, "fields": {"date": "2019-11-19", "read_num": 1, "content_type": 8, "object_id": 2}}, {"model": "read_statistics.readdetail", "pk": 10, "fields": {"date": "2019-11-19", "read_num": 1, "content_type": 8, "object_id": 3}}, {"model": "read_statistics.readdetail", "pk": 11, "fields": {"date": "2019-11-22", "read_num": 1, "content_type": 8, "object_id": 3}}, {"model": "read_statistics.readdetail", "pk": 12, "fields": {"date": "2019-11-23", "read_num": 2, "content_type": 8, "object_id": 3}}, {"model": "read_statistics.readdetail", "pk": 13, "fields": {"date": "2019-11-23", "read_num": 1, "content_type": 8, "object_id": 2}}, {"model": "read_statistics.readdetail", "pk": 14, "fields": {"date": "2019-11-23", "read_num": 1, "content_type": 8, "object_id": 1}}, {"model": "read_statistics.readdetail", "pk": 15, "fields": {"date": "2019-11-28", "read_num": 1, "content_type": 8, "object_id": 1}}, {"model": "read_statistics.readdetail", "pk": 16, "fields": {"date": "2019-11-28", "read_num": 1, "content_type": 8, "object_id": 2}}, {"model": "read_statistics.readdetail", "pk": 17, "fields": {"date": "2019-12-01", "read_num": 1, "content_type": 8, "object_id": 3}}, {"model": "read_statistics.readdetail", "pk": 18, "fields": {"date": "2019-12-01", "read_num": 1, "content_type": 8, "object_id": 1}}, {"model": "read_statistics.readdetail", "pk": 19, "fields": {"date": "2019-12-07", "read_num": 2, "content_type": 8, "object_id": 3}}, {"model": "read_statistics.readdetail", "pk": 20, "fields": {"date": "2019-12-08", "read_num": 1, "content_type": 8, "object_id": 3}}, {"model": "read_statistics.readdetail", "pk": 21, "fields": {"date": "2019-12-11", "read_num": 1, "content_type": 8, "object_id": 2}}, {"model": "read_statistics.readdetail", "pk": 22, "fields": {"date": "2019-12-11", "read_num": 1, "content_type": 8, "object_id": 3}}, {"model": "read_statistics.readdetail", "pk": 23, "fields": {"date": "2019-12-12", "read_num": 2, "content_type": 8, "object_id": 2}}, {"model": "read_statistics.readdetail", "pk": 24, "fields": {"date": "2019-12-13", "read_num": 1, "content_type": 8, "object_id": 3}}, {"model": "read_statistics.readdetail", "pk": 25, "fields": {"date": "2019-12-14", "read_num": 2, "content_type": 8, "object_id": 2}}, {"model": "read_statistics.readdetail", "pk": 26, "fields": {"date": "2019-12-15", "read_num": 1, "content_type": 8, "object_id": 2}}, {"model": "read_statistics.readdetail", "pk": 27, "fields": {"date": "2019-12-18", "read_num": 1, "content_type": 8, "object_id": 3}}, {"model": "read_statistics.readdetail", "pk": 28, "fields": {"date": "2019-12-18", "read_num": 1, "content_type": 8, "object_id": 1}}, {"model": "read_statistics.readdetail", "pk": 29, "fields": {"date": "2019-12-19", "read_num": 1, "content_type": 8, "object_id": 1}}, {"model": "read_statistics.readdetail", "pk": 30, "fields": {"date": "2019-12-19", "read_num": 1, "content_type": 8, "object_id": 3}}, {"model": "read_statistics.readdetail", "pk": 31, "fields": {"date": "2019-12-20", "read_num": 1, "content_type": 8, "object_id": 1}}, {"model": "read_statistics.readdetail", "pk": 32, "fields": {"date": "2019-12-22", "read_num": 1, "content_type": 8, "object_id": 1}}, {"model": "read_statistics.readdetail", "pk": 33, "fields": {"date": "2019-12-24", "read_num": 1, "content_type": 8, "object_id": 1}}, {"model": "read_statistics.readdetail", "pk": 34, "fields": {"date": "2019-12-25", "read_num": 1, "content_type": 8, "object_id": 2}}, {"model": "read_statistics.readdetail", "pk": 35, "fields": {"date": "2019-12-25", "read_num": 1, "content_type": 8, "object_id": 1}}, {"model": "read_statistics.readdetail", "pk": 36, "fields": {"date": "2019-12-26", "read_num": 1, "content_type": 8, "object_id": 1}}, {"model": "read_statistics.readdetail", "pk": 37, "fields": {"date": "2019-12-26", "read_num": 1, "content_type": 8, "object_id": 2}}, {"model": "read_statistics.readdetail", "pk": 38, "fields": {"date": "2019-12-27", "read_num": 1, "content_type": 8, "object_id": 2}}, {"model": "read_statistics.readdetail", "pk": 39, "fields": {"date": "2019-12-28", "read_num": 1, "content_type": 8, "object_id": 2}}, {"model": "read_statistics.readdetail", "pk": 40, "fields": {"date": "2019-12-28", "read_num": 1, "content_type": 8, "object_id": 1}}, {"model": "read_statistics.readdetail", "pk": 41, "fields": {"date": "2019-12-28", "read_num": 1, "content_type": 8, "object_id": 3}}, {"model": "read_statistics.readdetail", "pk": 42, "fields": {"date": "2019-12-28", "read_num": 2, "content_type": 8, "object_id": 8}}, {"model": "read_statistics.readdetail", "pk": 43, "fields": {"date": "2019-12-28", "read_num": 1, "content_type": 8, "object_id": 6}}, {"model": "read_statistics.readdetail", "pk": 44, "fields": {"date": "2019-12-29", "read_num": 2, "content_type": 8, "object_id": 7}}, {"model": "read_statistics.readdetail", "pk": 45, "fields": {"date": "2019-12-29", "read_num": 2, "content_type": 8, "object_id": 3}}, {"model": "read_statistics.readdetail", "pk": 46, "fields": {"date": "2019-12-29", "read_num": 1, "content_type": 8, "object_id": 5}}, {"model": "read_statistics.readdetail", "pk": 47, "fields": {"date": "2019-12-29", "read_num": 1, "content_type": 8, "object_id": 4}}, {"model": "read_statistics.readdetail", "pk": 48, "fields": {"date": "2020-01-02", "read_num": 1, "content_type": 8, "object_id": 6}}, {"model": "read_statistics.readdetail", "pk": 49, "fields": {"date": "2020-01-02", "read_num": 1, "content_type": 8, "object_id": 7}}, {"model": "read_statistics.readdetail", "pk": 50, "fields": {"date": "2020-01-02", "read_num": 1, "content_type": 8, "object_id": 4}}, {"model": "read_statistics.readdetail", "pk": 51, "fields": {"date": "2020-01-02", "read_num": 1, "content_type": 8, "object_id": 3}}, {"model": "read_statistics.readdetail", "pk": 52, "fields": {"date": "2020-01-02", "read_num": 1, "content_type": 8, "object_id": 8}}, {"model": "read_statistics.readdetail", "pk": 53, "fields": {"date": "2020-01-04", "read_num": 1, "content_type": 8, "object_id": 8}}, {"model": "read_statistics.readdetail", "pk": 54, "fields": {"date": "2020-01-04", "read_num": 1, "content_type": 8, "object_id": 6}}, {"model": "read_statistics.readdetail", "pk": 55, "fields": {"date": "2020-01-04", "read_num": 1, "content_type": 8, "object_id": 3}}, {"model": "read_statistics.readdetail", "pk": 56, "fields": {"date": "2020-01-04", "read_num": 1, "content_type": 8, "object_id": 7}}, {"model": "read_statistics.readdetail", "pk": 57, "fields": {"date": "2020-01-04", "read_num": 1, "content_type": 8, "object_id": 1}}, {"model": "read_statistics.readdetail", "pk": 58, "fields": {"date": "2020-01-05", "read_num": 1, "content_type": 8, "object_id": 6}}, {"model": "read_statistics.readdetail", "pk": 59, "fields": {"date": "2020-01-05", "read_num": 3, "content_type": 8, "object_id": 8}}, {"model": "read_statistics.readdetail", "pk": 60, "fields": {"date": "2020-01-05", "read_num": 3, "content_type": 8, "object_id": 7}}, {"model": "read_statistics.readdetail", "pk": 61, "fields": {"date": "2020-01-06", "read_num": 1, "content_type": 8, "object_id": 8}}, {"model": "read_statistics.readdetail", "pk": 62, "fields": {"date": "2020-01-07", "read_num": 3, "content_type": 8, "object_id": 7}}, {"model": "read_statistics.readdetail", "pk": 63, "fields": {"date": "2020-01-07", "read_num": 2, "content_type": 8, "object_id": 8}}, {"model": "read_statistics.readdetail", "pk": 64, "fields": {"date": "2020-01-07", "read_num": 1, "content_type": 8, "object_id": 6}}, {"model": "read_statistics.readdetail", "pk": 65, "fields": {"date": "2020-01-08", "read_num": 4, "content_type": 8, "object_id": 8}}, {"model": "read_statistics.readdetail", "pk": 66, "fields": {"date": "2020-01-09", "read_num": 2, "content_type": 8, "object_id": 8}}, {"model": "read_statistics.readdetail", "pk": 67, "fields": {"date": "2020-01-09", "read_num": 2, "content_type": 8, "object_id": 7}}, {"model": "read_statistics.readdetail", "pk": 68, "fields": {"date": "2020-01-09", "read_num": 1, "content_type": 8, "object_id": 6}}, {"model": "read_statistics.readdetail", "pk": 69, "fields": {"date": "2020-01-10", "read_num": 1, "content_type": 8, "object_id": 8}}, {"model": "read_statistics.readdetail", "pk": 70, "fields": {"date": "2020-01-11", "read_num": 2, "content_type": 8, "object_id": 8}}, {"model": "read_statistics.readdetail", "pk": 71, "fields": {"date": "2020-01-11", "read_num": 2, "content_type": 8, "object_id": 7}}, {"model": "read_statistics.readdetail", "pk": 72, "fields": {"date": "2020-01-12", "read_num": 1, "content_type": 8, "object_id": 8}}, {"model": "read_statistics.readdetail", "pk": 73, "fields": {"date": "2020-01-17", "read_num": 1, "content_type": 8, "object_id": 8}}, {"model": "read_statistics.readdetail", "pk": 74, "fields": {"date": "2020-02-16", "read_num": 1, "content_type": 8, "object_id": 8}}, {"model": "read_statistics.readdetail", "pk": 75, "fields": {"date": "2020-02-21", "read_num": 1, "content_type": 8, "object_id": 8}}, {"model": "read_statistics.readdetail", "pk": 76, "fields": {"date": "2020-02-21", "read_num": 1, "content_type": 8, "object_id": 7}}, {"model": "read_statistics.readdetail", "pk": 77, "fields": {"date": "2020-02-23", "read_num": 1, "content_type": 15, "object_id": 8}}, {"model": "read_statistics.readdetail", "pk": 78, "fields": {"date": "2020-02-23", "read_num": 1, "content_type": 15, "object_id": 6}}, {"model": "likes.likecount", "pk": 1, "fields": {"content_type": 8, "object_id": 8, "liked_num": 1}}, {"model": "likes.likecount", "pk": 2, "fields": {"content_type": 8, "object_id": 7, "liked_num": 1}}, {"model": "likes.likecount", "pk": 3, "fields": {"content_type": 8, "object_id": 6, "liked_num": 1}}, {"model": "likes.likecount", "pk": 4, "fields": {"content_type": 8, "object_id": 5, "liked_num": 0}}, {"model": "likes.likecount", "pk": 5, "fields": {"content_type": 8, "object_id": 4, "liked_num": 0}}, {"model": "likes.likecount", "pk": 6, "fields": {"content_type": 8, "object_id": 3, "liked_num": 0}}, {"model": "likes.likecount", "pk": 7, "fields": {"content_type": 11, "object_id": 245, "liked_num": 1}}, {"model": "likes.likecount", "pk": 8, "fields": {"content_type": 11, "object_id": 247, "liked_num": 1}}, {"model": "likes.likecount", "pk": 9, "fields": {"content_type": 11, "object_id": 248, "liked_num": 1}}, {"model": "likes.likecount", "pk": 10, "fields": {"content_type": 8, "object_id": 2, "liked_num": 0}}, {"model": "likes.likecount", "pk": 11, "fields": {"content_type": 8, "object_id": 1, "liked_num": 0}}, {"model": "likes.likecount", "pk": 12, "fields": {"content_type": 11, "object_id": 249, "liked_num": 0}}, {"model": "likes.likecount", "pk": 13, "fields": {"content_type": 11, "object_id": 251, "liked_num": 0}}, {"model": "likes.likecount", "pk": 14, "fields": {"content_type": 11, "object_id": 252, "liked_num": 0}}, {"model": "likes.likecount", "pk": 15, "fields": {"content_type": 11, "object_id": 253, "liked_num": 0}}, {"model": "likes.likecount", "pk": 16, "fields": {"content_type": 11, "object_id": 254, "liked_num": 0}}, {"model": "likes.likecount", "pk": 17, "fields": {"content_type": 11, "object_id": 255, "liked_num": 0}}, {"model": "likes.likecount", "pk": 18, "fields": {"content_type": 11, "object_id": 256, "liked_num": 0}}, {"model": "likes.likecount", "pk": 19, "fields": {"content_type": 15, "object_id": 8, "liked_num": 0}}, {"model": "likes.likecount", "pk": 20, "fields": {"content_type": 15, "object_id": 7, "liked_num": 0}}, {"model": "likes.likecount", "pk": 21, "fields": {"content_type": 15, "object_id": 6, "liked_num": 0}}, {"model": "likes.likecount", "pk": 22, "fields": {"content_type": 15, "object_id": 5, "liked_num": 0}}, {"model": "likes.likecount", "pk": 23, "fields": {"content_type": 15, "object_id": 4, "liked_num": 0}}, {"model": "likes.likecount", "pk": 24, "fields": {"content_type": 15, "object_id": 3, "liked_num": 0}}, {"model": "likes.likecount", "pk": 25, "fields": {"content_type": 15, "object_id": 2, "liked_num": 0}}, {"model": "likes.likecount", "pk": 26, "fields": {"content_type": 15, "object_id": 1, "liked_num": 0}}, {"model": "auth.permission", "pk": 1, "fields": {"name": "Can add log entry", "content_type": 1, "codename": "add_logentry"}}, {"model": "auth.permission", "pk": 2, "fields": {"name": "Can change log entry", "content_type": 1, "codename": "change_logentry"}}, {"model": "auth.permission", "pk": 3, "fields": {"name": "Can delete log entry", "content_type": 1, "codename": "delete_logentry"}}, {"model": "auth.permission", "pk": 4, "fields": {"name": "Can view log entry", "content_type": 1, "codename": "view_logentry"}}, {"model": "auth.permission", "pk": 5, "fields": {"name": "Can add permission", "content_type": 2, "codename": "add_permission"}}, {"model": "auth.permission", "pk": 6, "fields": {"name": "Can change permission", "content_type": 2, "codename": "change_permission"}}, {"model": "auth.permission", "pk": 7, "fields": {"name": "Can delete permission", "content_type": 2, "codename": "delete_permission"}}, {"model": "auth.permission", "pk": 8, "fields": {"name": "Can view permission", "content_type": 2, "codename": "view_permission"}}, {"model": "auth.permission", "pk": 9, "fields": {"name": "Can add group", "content_type": 3, "codename": "add_group"}}, {"model": "auth.permission", "pk": 10, "fields": {"name": "Can change group", "content_type": 3, "codename": "change_group"}}, {"model": "auth.permission", "pk": 11, "fields": {"name": "Can delete group", "content_type": 3, "codename": "delete_group"}}, {"model": "auth.permission", "pk": 12, "fields": {"name": "Can view group", "content_type": 3, "codename": "view_group"}}, {"model": "auth.permission", "pk": 13, "fields": {"name": "Can add user", "content_type": 4, "codename": "add_user"}}, {"model": "auth.permission", "pk": 14, "fields": {"name": "Can change user", "content_type": 4, "codename": "change_user"}}, {"model": "auth.permission", "pk": 15, "fields": {"name": "Can delete user", "content_type": 4, "codename": "delete_user"}}, {"model": "auth.permission", "pk": 16, "fields": {"name": "Can view user", "content_type": 4, "codename": "view_user"}}, {"model": "auth.permission", "pk": 17, "fields": {"name": "Can add content type", "content_type": 5, "codename": "add_contenttype"}}, {"model": "auth.permission", "pk": 18, "fields": {"name": "Can change content type", "content_type": 5, "codename": "change_contenttype"}}, {"model": "auth.permission", "pk": 19, "fields": {"name": "Can delete content type", "content_type": 5, "codename": "delete_contenttype"}}, {"model": "auth.permission", "pk": 20, "fields": {"name": "Can view content type", "content_type": 5, "codename": "view_contenttype"}}, {"model": "auth.permission", "pk": 21, "fields": {"name": "Can add session", "content_type": 6, "codename": "add_session"}}, {"model": "auth.permission", "pk": 22, "fields": {"name": "Can change session", "content_type": 6, "codename": "change_session"}}, {"model": "auth.permission", "pk": 23, "fields": {"name": "Can delete session", "content_type": 6, "codename": "delete_session"}}, {"model": "auth.permission", "pk": 24, "fields": {"name": "Can view session", "content_type": 6, "codename": "view_session"}}, {"model": "auth.permission", "pk": 25, "fields": {"name": "Can add blog type", "content_type": 7, "codename": "add_blogtype"}}, {"model": "auth.permission", "pk": 26, "fields": {"name": "Can change blog type", "content_type": 7, "codename": "change_blogtype"}}, {"model": "auth.permission", "pk": 27, "fields": {"name": "Can delete blog type", "content_type": 7, "codename": "delete_blogtype"}}, {"model": "auth.permission", "pk": 28, "fields": {"name": "Can view blog type", "content_type": 7, "codename": "view_blogtype"}}, {"model": "auth.permission", "pk": 29, "fields": {"name": "Can add blog", "content_type": 8, "codename": "add_blog"}}, {"model": "auth.permission", "pk": 30, "fields": {"name": "Can change blog", "content_type": 8, "codename": "change_blog"}}, {"model": "auth.permission", "pk": 31, "fields": {"name": "Can delete blog", "content_type": 8, "codename": "delete_blog"}}, {"model": "auth.permission", "pk": 32, "fields": {"name": "Can view blog", "content_type": 8, "codename": "view_blog"}}, {"model": "auth.permission", "pk": 33, "fields": {"name": "Can add read num", "content_type": 9, "codename": "add_readnum"}}, {"model": "auth.permission", "pk": 34, "fields": {"name": "Can change read num", "content_type": 9, "codename": "change_readnum"}}, {"model": "auth.permission", "pk": 35, "fields": {"name": "Can delete read num", "content_type": 9, "codename": "delete_readnum"}}, {"model": "auth.permission", "pk": 36, "fields": {"name": "Can view read num", "content_type": 9, "codename": "view_readnum"}}, {"model": "auth.permission", "pk": 37, "fields": {"name": "Can add read detail", "content_type": 10, "codename": "add_readdetail"}}, {"model": "auth.permission", "pk": 38, "fields": {"name": "Can change read detail", "content_type": 10, "codename": "change_readdetail"}}, {"model": "auth.permission", "pk": 39, "fields": {"name": "Can delete read detail", "content_type": 10, "codename": "delete_readdetail"}}, {"model": "auth.permission", "pk": 40, "fields": {"name": "Can view read detail", "content_type": 10, "codename": "view_readdetail"}}, {"model": "auth.permission", "pk": 41, "fields": {"name": "Can add conment", "content_type": 11, "codename": "add_conment"}}, {"model": "auth.permission", "pk": 42, "fields": {"name": "Can change conment", "content_type": 11, "codename": "change_conment"}}, {"model": "auth.permission", "pk": 43, "fields": {"name": "Can delete conment", "content_type": 11, "codename": "delete_conment"}}, {"model": "auth.permission", "pk": 44, "fields": {"name": "Can view conment", "content_type": 11, "codename": "view_conment"}}, {"model": "auth.permission", "pk": 45, "fields": {"name": "Can add comment", "content_type": 11, "codename": "add_comment"}}, {"model": "auth.permission", "pk": 46, "fields": {"name": "Can change comment", "content_type": 11, "codename": "change_comment"}}, {"model": "auth.permission", "pk": 47, "fields": {"name": "Can delete comment", "content_type": 11, "codename": "delete_comment"}}, {"model": "auth.permission", "pk": 48, "fields": {"name": "Can view comment", "content_type": 11, "codename": "view_comment"}}, {"model": "auth.permission", "pk": 49, "fields": {"name": "Can add like record", "content_type": 12, "codename": "add_likerecord"}}, {"model": "auth.permission", "pk": 50, "fields": {"name": "Can change like record", "content_type": 12, "codename": "change_likerecord"}}, {"model": "auth.permission", "pk": 51, "fields": {"name": "Can delete like record", "content_type": 12, "codename": "delete_likerecord"}}, {"model": "auth.permission", "pk": 52, "fields": {"name": "Can view like record", "content_type": 12, "codename": "view_likerecord"}}, {"model": "auth.permission", "pk": 53, "fields": {"name": "Can add like count", "content_type": 13, "codename": "add_likecount"}}, {"model": "auth.permission", "pk": 54, "fields": {"name": "Can change like count", "content_type": 13, "codename": "change_likecount"}}, {"model": "auth.permission", "pk": 55, "fields": {"name": "Can delete like count", "content_type": 13, "codename": "delete_likecount"}}, {"model": "auth.permission", "pk": 56, "fields": {"name": "Can view like count", "content_type": 13, "codename": "view_likecount"}}, {"model": "auth.permission", "pk": 57, "fields": {"name": "Can add profile", "content_type": 14, "codename": "add_profile"}}, {"model": "auth.permission", "pk": 58, "fields": {"name": "Can change profile", "content_type": 14, "codename": "change_profile"}}, {"model": "auth.permission", "pk": 59, "fields": {"name": "Can delete profile", "content_type": 14, "codename": "delete_profile"}}, {"model": "auth.permission", "pk": 60, "fields": {"name": "Can view profile", "content_type": 14, "codename": "view_profile"}}, {"model": "auth.user", "pk": 1, "fields": {"password": "pbkdf2_sha256$150000$aYHscttGviVM$jjsLjQ8+jtGFQ3C5zsTHtFtbzZUOHAhawaoIPavbjnA=", "last_login": "2020-02-21T12:48:53.190", "is_superuser": true, "username": "yandawei", "first_name": "", "last_name": "", "email": "893438873@qq.com", "is_staff": true, "is_active": true, "date_joined": "2019-11-12T11:59:38.478", "groups": [], "user_permissions": []}}, {"model": "auth.user", "pk": 2, "fields": {"password": "pbkdf2_sha256$150000$C2sWNjmJcgfF$50vmXSCN3tsKoNhAR1m29htDdrAYxMRnM4gZTRaM+eI=", "last_login": "2020-02-19T17:43:03.505", "is_superuser": false, "username": "dawei", "first_name": "", "last_name": "", "email": "", "is_staff": true, "is_active": true, "date_joined": "2019-11-19T07:24:00", "groups": [], "user_permissions": [29, 30, 31, 32, 25, 26, 27, 28, 1, 2, 3, 4, 9, 10, 11, 12, 5, 6, 7, 8, 13, 14, 15, 16, 45, 41, 46, 42, 47, 43, 48, 44, 17, 18, 19, 20, 37, 38, 39, 40, 33, 34, 35, 36, 21, 22, 23, 24]}}, {"model": "auth.user", "pk": 3, "fields": {"password": "pbkdf2_sha256$150000$tY9UhcmDHs8y$rEVVHpgqmYw1Z94XB73Nv+8o4jpM32XXD104L7CnNao=", "last_login": "2019-12-08T07:54:00", "is_superuser": false, "username": "yandawei123", "first_name": "", "last_name": "", "email": "", "is_staff": false, "is_active": true, "date_joined": "2019-12-08T07:54:00", "groups": [], "user_permissions": []}}, {"model": "auth.user", "pk": 5, "fields": {"password": "pbkdf2_sha256$150000$lR2gqmFnn4sb$v2yZxFFZ/tTIgcSpuXUhUsojerooKl2k6laekSfmk2M=", "last_login": "2020-02-18T14:05:45.010", "is_superuser": false, "username": "yandawei123564", "first_name": "", "last_name": "", "email": "18711175672@163.com", "is_staff": false, "is_active": true, "date_joined": "2020-02-18T14:05:44.400", "groups": [], "user_permissions": []}}, {"model": "blogapp.blog", "pk": 1, "fields": {"title": "\u6211\u7684\u7b2c\u4e00\u7bc7\u535a\u5ba2", "blog_type": 3, "content": "<p>\u8212\u670d\u670d\u6c14\u670d\u6c14\u8212\u670d\u670d\u6c14\u670d\u6c14\u8212\u670d\u670d\u6c14\u670d\u6c14\u8212\u670d\u670d\u6c14\u670d\u6c14\u8212\u670d\u670d\u6c14\u670d\u6c14\u8212\u670d\u670d\u6c14\u670d\u6c14\u8212\u670d\u670d\u6c14\u670d\u6c14\u8212\u670d\u670d\u6c14\u670d\u6c14\u8212\u670d\u670d\u6c14\u670d\u6c14\u8212\u670d\u670d\u6c14\u670d\u6c14\u8212\u670d\u670d\u6c14\u670d\u6c14\u8212\u670d\u670d\u6c14\u670d\u6c14\u8212\u670d\u670d\u6c14\u670d\u6c14\u8212\u670d\u670d\u6c14\u670d\u6c14\u8212\u670d\u670d\u6c14\u670d\u6c14\u8212\u670d\u670d\u6c14\u670d\u6c14\u8212\u670d\u670d\u6c14\u670d\u6c14\u8212\u670d\u670d\u6c14\u670d\u6c14\u8212\u670d\u670d\u6c14\u670d\u6c14\u8212\u670d\u670d\u6c14\u670d\u6c14\u8212\u670d\u670d\u6c14\u670d\u6c14\u8212\u670d\u670d\u6c14\u670d\u6c14\u8212\u670d\u670d\u6c14\u670d\u6c14\u8212\u670d\u670d\u6c14\u670d\u6c14\u8212\u670d\u670d\u6c14\u670d\u6c14\u8212\u670d\u670d\u6c14\u670d\u6c14\u8212\u670d\u670d\u6c14\u670d\u6c14\u8212\u670d\u670d\u6c14\u670d\u6c14\u8212\u670d\u670d\u6c14\u670d\u6c14\u8212\u670d\u670d\u6c14\u670d\u6c14\u8212\u670d\u670d\u6c14\u670d\u6c14\u8212\u670d\u670d\u6c14\u670d\u6c14\u8212\u670d\u670d\u6c14\u670d\u6c14\u8212\u670d\u670d\u6c14\u670d\u6c14\u8212\u670d\u670d\u6c14\u670d\u6c14\u8212\u670d\u670d\u6c14\u670d\u6c14\u8212\u670d\u670d\u6c14\u670d\u6c14\u8212\u670d\u670d\u6c14\u670d\u6c14\u8212\u670d\u670d\u6c14\u670d\u6c14\u8212\u670d\u670d\u6c14\u670d\u6c14\u8212\u670d\u670d\u6c14\u670d\u6c14</p>", "author": 1, "created_time": "2019-11-12T12:00:55.280", "last_updated_time": "2019-11-12T12:00:55.280"}}, {"model": "blogapp.blog", "pk": 2, "fields": {"title": "\u6211\u7684\u7b2c\u4e00\u7bc7\u968f\u7b14", "blog_type": 1, "content": "<p>\u6211\u7684\u7b2c\u4e00\u7bc7\u968f\u7b14\u6211\u7684\u7b2c\u4e00\u7bc7\u968f\u7b14\u6211\u7684\u7b2c\u4e00\u7bc7\u968f\u7b14\u6211\u7684\u7b2c\u4e00\u7bc7\u968f\u7b14\u6211\u7684\u7b2c\u4e00\u7bc7\u968f\u7b14\u6211\u7684\u7b2c\u4e00\u7bc7\u968f\u7b14\u6211\u7684\u7b2c\u4e00\u7bc7\u968f\u7b14\u6211\u7684\u7b2c\u4e00\u7bc7\u968f\u7b14\u6211\u7684\u7b2c\u4e00\u7bc7\u968f\u7b14\u6211\u7684\u7b2c\u4e00\u7bc7\u968f\u7b14\u6211\u7684\u7b2c\u4e00\u7bc7\u968f\u7b14\u6211\u7684\u7b2c\u4e00\u7bc7\u968f\u7b14\u6211\u7684\u7b2c\u4e00\u7bc7\u968f\u7b14\u6211\u7684\u7b2c\u4e00\u7bc7\u968f\u7b14\u6211\u7684\u7b2c\u4e00\u7bc7\u968f\u7b14\u6211\u7684\u7b2c\u4e00\u7bc7\u968f\u7b14\u6211\u7684\u7b2c\u4e00\u7bc7\u968f\u7b14\u6211\u7684\u7b2c\u4e00\u7bc7\u968f\u7b14\u6211\u7684\u7b2c\u4e00\u7bc7\u968f\u7b14\u6211\u7684\u7b2c\u4e00\u7bc7\u968f\u7b14\u6211\u7684\u7b2c\u4e00\u7bc7\u968f\u7b14\u6211\u7684\u7b2c\u4e00\u7bc7\u968f\u7b14\u6211\u7684\u7b2c\u4e00\u7bc7\u968f\u7b14\u6211\u7684\u7b2c\u4e00\u7bc7\u968f\u7b14\u6211\u7684\u7b2c\u4e00\u7bc7\u968f\u7b14\u6211\u7684\u7b2c\u4e00\u7bc7\u968f\u7b14\u6211\u7684\u7b2c\u4e00\u7bc7\u968f\u7b14\u6211\u7684\u7b2c\u4e00\u7bc7\u968f\u7b14\u6211\u7684\u7b2c\u4e00\u7bc7\u968f\u7b14\u6211\u7684\u7b2c\u4e00\u7bc7\u968f\u7b14\u6211\u7684\u7b2c\u4e00\u7bc7\u968f\u7b14\u6211\u7684\u7b2c\u4e00\u7bc7\u968f\u7b14\u6211\u7684\u7b2c\u4e00\u7bc7\u968f\u7b14\u6211\u7684\u7b2c\u4e00\u7bc7\u968f\u7b14</p>", "author": 1, "created_time": "2019-11-12T12:01:15.086", "last_updated_time": "2019-11-12T12:01:15.086"}}, {"model": "blogapp.blog", "pk": 3, "fields": {"title": "\u6211\u7684\u7b2c\u4e00\u7bc7Django", "blog_type": 2, "content": "<p>\u6211\u7684\u7b2c\u4e00\u7bc7Django\u6211\u7684\u7b2c\u4e00\u7bc7Django\u6211\u7684\u7b2c\u4e00\u7bc7Django\u6211\u7684\u7b2c\u4e00\u7bc7Django\u6211\u7684\u7b2c\u4e00\u7bc7Django\u6211\u7684\u7b2c\u4e00\u7bc7Django\u6211\u7684\u7b2c\u4e00\u7bc7Django\u6211\u7684\u7b2c\u4e00\u7bc7Django\u6211\u7684\u7b2c\u4e00\u7bc7Django\u6211\u7684\u7b2c\u4e00\u7bc7Django\u6211\u7684\u7b2c\u4e00\u7bc7Django\u6211\u7684\u7b2c\u4e00\u7bc7Django\u6211\u7684\u7b2c\u4e00\u7bc7Django\u6211\u7684\u7b2c\u4e00\u7bc7Django\u6211\u7684\u7b2c\u4e00\u7bc7Django\u6211\u7684\u7b2c\u4e00\u7bc7Django\u6211\u7684\u7b2c\u4e00\u7bc7Django\u6211\u7684\u7b2c\u4e00\u7bc7Django\u6211\u7684\u7b2c\u4e00\u7bc7Django\u6211\u7684\u7b2c\u4e00\u7bc7Django\u6211\u7684\u7b2c\u4e00\u7bc7Django\u6211\u7684\u7b2c\u4e00\u7bc7Django\u6211\u7684\u7b2c\u4e00\u7bc7Django\u6211\u7684\u7b2c\u4e00\u7bc7Django\u6211\u7684\u7b2c\u4e00\u7bc7Django\u6211\u7684\u7b2c\u4e00\u7bc7Django\u6211\u7684\u7b2c\u4e00\u7bc7Django\u6211\u7684\u7b2c\u4e00\u7bc7Django\u6211\u7684\u7b2c\u4e00\u7bc7Django\u6211\u7684\u7b2c\u4e00\u7bc7Django\u6211\u7684\u7b2c\u4e00\u7bc7Django<img alt=\"\" src=\"/media/upload/2019/11/12/ship_iYwWtXk.bmp\" style=\"height:48px; width:60px\" /></p>", "author": 1, "created_time": "2019-11-12T12:01:41.792", "last_updated_time": "2019-11-12T12:01:41.792"}}, {"model": "blogapp.blog", "pk": 4, "fields": {"title": "\u7b2c\u4e8c\u7bc7\u535a\u5ba2", "blog_type": 3, "content": "<p>\u6bd2\u8d29\u592b\u5987\u6bd2\u8d29\u592b\u5987\u6bd2\u8d29\u592b\u5987\u6bd2\u8d29\u592b\u5987\u6bd2\u8d29\u592b\u5987\u6bd2\u8d29\u592b\u5987\u6bd2\u8d29\u592b\u5987\u6bd2\u8d29\u592b\u5987\u6bd2\u8d29\u592b\u5987\u6bd2\u8d29\u592b\u5987\u6bd2\u8d29\u592b\u5987\u6bd2\u8d29\u592b\u5987\u6bd2\u8d29\u592b\u5987\u6bd2\u8d29\u592b\u5987\u6bd2\u8d29\u592b\u5987\u6bd2\u8d29\u592b\u5987\u6bd2\u8d29\u592b\u5987\u6bd2\u8d29\u592b\u5987\u6bd2\u8d29\u592b\u5987\u6bd2\u8d29\u592b\u5987\u6bd2\u8d29\u592b\u5987\u6bd2\u8d29\u592b\u5987\u6bd2\u8d29\u592b\u5987\u6bd2\u8d29\u592b\u5987\u6bd2\u8d29\u592b\u5987\u6bd2\u8d29\u592b\u5987\u6bd2\u8d29\u592b\u5987\u6bd2\u8d29\u592b\u5987\u6bd2\u8d29\u592b\u5987\u6bd2\u8d29\u592b\u5987\u6bd2\u8d29\u592b\u5987\u6bd2\u8d29\u592b\u5987\u6bd2\u8d29\u592b\u5987\u6bd2\u8d29\u592b\u5987\u6bd2\u8d29\u592b\u5987\u6bd2\u8d29\u592b\u5987\u6bd2\u8d29\u592b\u5987</p>", "author": 1, "created_time": "2019-12-28T12:18:13.292", "last_updated_time": "2019-12-28T12:18:13.292"}}, {"model": "blogapp.blog", "pk": 5, "fields": {"title": "\u7b2c\u4e09\u7bc7\u535a\u5ba2", "blog_type": 3, "content": "<p>\u554a\u554a\u53d1\u554a\u554a\u53d1\u554a\u554a\u53d1\u554a\u554a\u53d1\u554a\u554a\u53d1\u554a\u554a\u53d1\u554a\u554a\u53d1\u554a\u554a\u53d1\u554a\u554a\u53d1\u554a\u554a\u53d1\u554a\u554a\u53d1\u554a\u554a\u53d1\u554a\u554a\u53d1\u554a\u554a\u53d1\u554a\u554a\u53d1\u554a\u554a\u53d1\u554a\u554a\u53d1\u554a\u554a\u53d1\u554a\u554a\u53d1\u554a\u554a\u53d1\u554a\u554a\u53d1\u554a\u554a\u53d1\u554a\u554a\u53d1\u554a\u554a\u53d1\u554a\u554a\u53d1\u554a\u554a\u53d1\u554a\u554a\u53d1\u554a\u554a\u53d1\u554a\u554a\u53d1\u554a\u554a\u53d1\u554a\u554a\u53d1\u554a\u554a\u53d1\u554a\u554a\u53d1\u554a\u554a\u53d1\u554a\u554a\u53d1\u554a\u554a\u53d1\u554a\u554a\u53d1</p>", "author": 1, "created_time": "2019-12-28T12:18:26.573", "last_updated_time": "2019-12-28T12:18:26.573"}}, {"model": "blogapp.blog", "pk": 6, "fields": {"title": "\u7b2c\u4e8c\u7bc7\u968f\u7b14", "blog_type": 1, "content": "<p>\u6536\u53d1\u6587\u6536\u53d1\u6587\u6536\u53d1\u6587\u6536\u53d1\u6587\u6536\u53d1\u6587\u6536\u53d1\u6587\u6536\u53d1\u6587\u6536\u53d1\u6587\u6536\u53d1\u6587\u6536\u53d1\u6587\u6536\u53d1\u6587\u6536\u53d1\u6587\u6536\u53d1\u6587\u6536\u53d1\u6587\u6536\u53d1\u6587\u6536\u53d1\u6587\u6536\u53d1\u6587\u6536\u53d1\u6587\u6536\u53d1\u6587\u6536\u53d1\u6587\u6536\u53d1\u6587\u6536\u53d1\u6587\u6536\u53d1\u6587\u6536\u53d1\u6587\u6536\u53d1\u6587\u6536\u53d1\u6587\u6536\u53d1\u6587\u6536\u53d1\u6587\u6536\u53d1\u6587\u6536\u53d1\u6587\u6536\u53d1\u6587\u6536\u53d1\u6587\u6536\u53d1\u6587\u6536\u53d1\u6587\u6536\u53d1\u6587\u6536\u53d1\u6587\u6536\u53d1\u6587\u6536\u53d1\u6587\u6536\u53d1\u6587\u6536\u53d1\u6587\u6536\u53d1\u6587\u6536\u53d1\u6587\u6536\u53d1\u6587\u6536\u53d1\u6587\u6536\u53d1\u6587\u6536\u53d1\u6587\u6536\u53d1\u6587\u6536\u53d1\u6587\u6536\u53d1\u6587\u6536\u53d1\u6587\u6536\u53d1\u6587</p>", "author": 1, "created_time": "2019-12-28T12:18:39.446", "last_updated_time": "2019-12-28T12:18:39.446"}}, {"model": "blogapp.blog", "pk": 7, "fields": {"title": "\u7b2c\u4e09\u7bc7\u968f\u7b14", "blog_type": 1, "content": "<p>\u7b2c\u4e09\u7bc7\u968f\u7b14\u7b2c\u4e09\u7bc7\u968f\u7b14\u7b2c\u4e09\u7bc7\u968f\u7b14\u7b2c\u4e09\u7bc7\u968f\u7b14\u7b2c\u4e09\u7bc7\u968f\u7b14\u7b2c\u4e09\u7bc7\u968f\u7b14\u7b2c\u4e09\u7bc7\u968f\u7b14\u7b2c\u4e09\u7bc7\u968f\u7b14\u7b2c\u4e09\u7bc7\u968f\u7b14\u7b2c\u4e09\u7bc7\u968f\u7b14\u7b2c\u4e09\u7bc7\u968f\u7b14\u7b2c\u4e09\u7bc7\u968f\u7b14\u7b2c\u4e09\u7bc7\u968f\u7b14\u7b2c\u4e09\u7bc7\u968f\u7b14\u7b2c\u4e09\u7bc7\u968f\u7b14\u7b2c\u4e09\u7bc7\u968f\u7b14vv</p>", "author": 1, "created_time": "2019-12-28T12:18:51.536", "last_updated_time": "2019-12-28T12:18:51.536"}}, {"model": "blogapp.blog", "pk": 8, "fields": {"title": "\u6211\u7684\u7b2c\u4e8c\u7bc7Django", "blog_type": 2, "content": "<p>\u6211\u7684\u7b2c\u4e8c\u7bc7Django\u6211\u7684\u7b2c\u4e8c\u7bc7Django\u6211\u7684\u7b2c\u4e8c\u7bc7Django\u6211\u7684\u7b2c\u4e8c\u7bc7Django\u6211\u7684\u7b2c\u4e8c\u7bc7Django\u6211\u7684\u7b2c\u4e8c\u7bc7Django\u6211\u7684\u7b2c\u4e8c\u7bc7Django\u6211\u7684\u7b2c\u4e8c\u7bc7Django\u6211\u7684\u7b2c\u4e8c\u7bc7Django\u6211\u7684\u7b2c\u4e8c\u7bc7Django\u6211\u7684\u7b2c\u4e8c\u7bc7Django\u6211\u7684\u7b2c\u4e8c\u7bc7Django\u6211\u7684\u7b2c\u4e8c\u7bc7Django\u6211\u7684\u7b2c\u4e8c\u7bc7Django\u6211\u7684\u7b2c\u4e8c\u7bc7Django\u6211\u7684\u7b2c\u4e8c\u7bc7Django\u6211\u7684\u7b2c\u4e8c\u7bc7Django\u6211\u7684\u7b2c\u4e8c\u7bc7Django\u6211\u7684\u7b2c\u4e8c\u7bc7Django\u6211\u7684\u7b2c\u4e8c\u7bc7Django\u6211\u7684\u7b2c\u4e8c\u7bc7Django\u6211\u7684\u7b2c\u4e8c\u7bc7Django\u6211\u7684\u7b2c\u4e8c\u7bc7Django\u6211\u7684\u7b2c\u4e8c\u7bc7Django\u6211\u7684\u7b2c\u4e8c\u7bc7Django\u6211\u7684\u7b2c\u4e8c\u7bc7Djangovvvv</p>", "author": 1, "created_time": "2019-12-28T12:19:23.419", "last_updated_time": "2019-12-28T12:19:23.419"}}, {"model": "comment.comment", "pk": 245, "fields": {"content_type": 8, "object_id": 8, "text": "<p>111</p>", "comment_time": "2020-01-02T15:13:45.786", "comment_user": 1, "root": null, "parent": null, "reply_to": null}}, {"model": "comment.comment", "pk": 247, "fields": {"content_type": 8, "object_id": 8, "text": "<p>2222</p>", "comment_time": "2020-01-02T15:13:54.834", "comment_user": 1, "root": 245, "parent": 245, "reply_to": 1}}, {"model": "comment.comment", "pk": 248, "fields": {"content_type": 8, "object_id": 8, "text": "<p>5555</p>", "comment_time": "2020-01-08T19:38:56.588", "comment_user": 2, "root": 245, "parent": 245, "reply_to": 1}}, {"model": "comment.comment", "pk": 249, "fields": {"content_type": 8, "object_id": 8, "text": "<p>222</p>", "comment_time": "2020-01-08T20:39:14.396", "comment_user": 1, "root": null, "parent": null, "reply_to": null}}, {"model": "comment.comment", "pk": 251, "fields": {"content_type": 8, "object_id": 8, "text": "<p>\u591a\u7ebf\u7a0b\u56de\u590d\u8bc4\u8bba</p>", "comment_time": "2020-02-21T17:51:01.909", "comment_user": 1, "root": 249, "parent": 249, "reply_to": 1}}, {"model": "comment.comment", "pk": 252, "fields": {"content_type": 8, "object_id": 8, "text": "<p>\u6211\u7231\u4f60</p>", "comment_time": "2020-02-21T17:53:02.335", "comment_user": 1, "root": 249, "parent": 249, "reply_to": 1}}, {"model": "comment.comment", "pk": 253, "fields": {"content_type": 8, "object_id": 8, "text": "<p>\u554a\u554a\u554a\u554a\u554a\u554a\u554a\u554a\u554a\u554a\u554a</p>", "comment_time": "2020-02-21T17:53:09.231", "comment_user": 1, "root": 249, "parent": 249, "reply_to": 1}}, {"model": "comment.comment", "pk": 254, "fields": {"content_type": 8, "object_id": 8, "text": "<p>\u5662\u5662\u5662\u5662</p>", "comment_time": "2020-02-21T17:53:21.760", "comment_user": 1, "root": null, "parent": null, "reply_to": null}}, {"model": "comment.comment", "pk": 255, "fields": {"content_type": 8, "object_id": 8, "text": "<p>\u6211\u53d1\u9001\u90ae\u4ef6\u4e86</p>", "comment_time": "2020-02-21T18:08:49.921", "comment_user": 1, "root": null, "parent": null, "reply_to": null}}, {"model": "comment.comment", "pk": 256, "fields": {"content_type": 8, "object_id": 8, "text": "<p>\u8bc4\u8bba\u90ae\u4ef6\u901a\u77e5</p>", "comment_time": "2020-02-21T18:11:45.049", "comment_user": 1, "root": null, "parent": null, "reply_to": null}}, {"model": "likes.likerecord", "pk": 3, "fields": {"content_type": 8, "object_id": 6, "user": 1, "liked_time": "2020-01-07T23:01:30.518"}}, {"model": "likes.likerecord", "pk": 6, "fields": {"content_type": 8, "object_id": 7, "user": 1, "liked_time": "2020-01-07T23:15:07.046"}}, {"model": "likes.likerecord", "pk": 16, "fields": {"content_type": 8, "object_id": 8, "user": 2, "liked_time": "2020-01-08T19:59:51.874"}}, {"model": "likes.likerecord", "pk": 19, "fields": {"content_type": 11, "object_id": 248, "user": 2, "liked_time": "2020-01-08T19:59:55.601"}}, {"model": "likes.likerecord", "pk": 20, "fields": {"content_type": 11, "object_id": 247, "user": 2, "liked_time": "2020-01-08T19:59:56.877"}}, {"model": "likes.likerecord", "pk": 21, "fields": {"content_type": 11, "object_id": 245, "user": 2, "liked_time": "2020-01-08T20:00:31.776"}}, {"model": "likes.likerecord", "pk": 23, "fields": {"content_type": 8, "object_id": 8, "user": 1, "liked_time": "2020-01-11T20:38:11.057"}}, {"model": "user.profile", "pk": 1, "fields": {"user": 1, "nickname": "\u4e25\u5927\u4e3a\u554a"}}, {"model": "admin.logentry", "pk": 1, "fields": {"action_time": "2019-11-12T12:00:30.752", "user": 1, "content_type": 7, "object_id": "1", "object_repr": "\u968f\u7b14", "action_flag": 1, "change_message": "[{\"added\": {}}]"}}, {"model": "admin.logentry", "pk": 2, "fields": {"action_time": "2019-11-12T12:00:33.086", "user": 1, "content_type": 7, "object_id": "2", "object_repr": "Django", "action_flag": 1, "change_message": "[{\"added\": {}}]"}}, {"model": "admin.logentry", "pk": 3, "fields": {"action_time": "2019-11-12T12:00:36.413", "user": 1, "content_type": 7, "object_id": "3", "object_repr": "\u6211\u7684\u535a\u5ba2", "action_flag": 1, "change_message": "[{\"added\": {}}]"}}, {"model": "admin.logentry", "pk": 4, "fields": {"action_time": "2019-11-12T12:00:55.283", "user": 1, "content_type": 8, "object_id": "1", "object_repr": "<Blog: \u6211\u7684\u7b2c\u4e00\u7bc7\u535a\u5ba2>", "action_flag": 1, "change_message": "[{\"added\": {}}]"}}, {"model": "admin.logentry", "pk": 5, "fields": {"action_time": "2019-11-12T12:01:15.088", "user": 1, "content_type": 8, "object_id": "2", "object_repr": "<Blog: \u6211\u7684\u7b2c\u4e00\u7bc7\u968f\u7b14>", "action_flag": 1, "change_message": "[{\"added\": {}}]"}}, {"model": "admin.logentry", "pk": 6, "fields": {"action_time": "2019-11-12T12:01:41.794", "user": 1, "content_type": 8, "object_id": "3", "object_repr": "<Blog: \u6211\u7684\u7b2c\u4e00\u7bc7Django>", "action_flag": 1, "change_message": "[{\"added\": {}}]"}}, {"model": "admin.logentry", "pk": 7, "fields": {"action_time": "2019-11-19T06:31:56.134", "user": 1, "content_type": 11, "object_id": "1", "object_repr": "Comment object (1)", "action_flag": 1, "change_message": "[{\"added\": {}}]"}}, {"model": "admin.logentry", "pk": 8, "fields": {"action_time": "2019-11-19T07:24:34.958", "user": 1, "content_type": 4, "object_id": "2", "object_repr": "dawei", "action_flag": 1, "change_message": "[{\"added\": {}}]"}}, {"model": "admin.logentry", "pk": 9, "fields": {"action_time": "2019-11-19T07:25:51.591", "user": 1, "content_type": 4, "object_id": "2", "object_repr": "dawei", "action_flag": 2, "change_message": "[{\"changed\": {\"fields\": [\"is_staff\", \"user_permissions\"]}}]"}}, {"model": "admin.logentry", "pk": 10, "fields": {"action_time": "2019-11-23T08:03:49.238", "user": 2, "content_type": 11, "object_id": "6", "object_repr": "Comment object (6)", "action_flag": 3, "change_message": ""}}, {"model": "admin.logentry", "pk": 11, "fields": {"action_time": "2019-12-13T03:26:38.585", "user": 1, "content_type": 11, "object_id": "17", "object_repr": "Comment object (17)", "action_flag": 3, "change_message": ""}}, {"model": "admin.logentry", "pk": 12, "fields": {"action_time": "2019-12-13T03:26:38.604", "user": 1, "content_type": 11, "object_id": "16", "object_repr": "Comment object (16)", "action_flag": 3, "change_message": ""}}, {"model": "admin.logentry", "pk": 13, "fields": {"action_time": "2019-12-13T03:26:38.617", "user": 1, "content_type": 11, "object_id": "15", "object_repr": "Comment object (15)", "action_flag": 3, "change_message": ""}}, {"model": "admin.logentry", "pk": 14, "fields": {"action_time": "2019-12-13T03:26:38.636", "user": 1, "content_type": 11, "object_id": "14", "object_repr": "Comment object (14)", "action_flag": 3, "change_message": ""}}, {"model": "admin.logentry", "pk": 15, "fields": {"action_time": "2019-12-13T03:26:38.651", "user": 1, "content_type": 11, "object_id": "13", "object_repr": "Comment object (13)", "action_flag": 3, "change_message": ""}}, {"model": "admin.logentry", "pk": 16, "fields": {"action_time": "2019-12-18T11:17:26.206", "user": 1, "content_type": 11, "object_id": "42", "object_repr": "Comment object (42)", "action_flag": 3, "change_message": ""}}, {"model": "admin.logentry", "pk": 17, "fields": {"action_time": "2019-12-18T11:17:26.220", "user": 1, "content_type": 11, "object_id": "41", "object_repr": "Comment object (41)", "action_flag": 3, "change_message": ""}}, {"model": "admin.logentry", "pk": 18, "fields": {"action_time": "2019-12-18T11:17:26.233", "user": 1, "content_type": 11, "object_id": "40", "object_repr": "Comment object (40)", "action_flag": 3, "change_message": ""}}, {"model": "admin.logentry", "pk": 19, "fields": {"action_time": "2019-12-18T11:17:26.246", "user": 1, "content_type": 11, "object_id": "39", "object_repr": "Comment object (39)", "action_flag": 3, "change_message": ""}}, {"model": "admin.logentry", "pk": 20, "fields": {"action_time": "2019-12-18T11:17:26.265", "user": 1, "content_type": 11, "object_id": "38", "object_repr": "Comment object (38)", "action_flag": 3, "change_message": ""}}, {"model": "admin.logentry", "pk": 21, "fields": {"action_time": "2019-12-18T11:17:26.289", "user": 1, "content_type": 11, "object_id": "37", "object_repr": "Comment object (37)", "action_flag": 3, "change_message": ""}}, {"model": "admin.logentry", "pk": 22, "fields": {"action_time": "2019-12-18T11:17:26.302", "user": 1, "content_type": 11, "object_id": "36", "object_repr": "Comment object (36)", "action_flag": 3, "change_message": ""}}, {"model": "admin.logentry", "pk": 23, "fields": {"action_time": "2019-12-18T11:17:26.317", "user": 1, "content_type": 11, "object_id": "35", "object_repr": "Comment object (35)", "action_flag": 3, "change_message": ""}}, {"model": "admin.logentry", "pk": 24, "fields": {"action_time": "2019-12-18T11:17:26.329", "user": 1, "content_type": 11, "object_id": "34", "object_repr": "Comment object (34)", "action_flag": 3, "change_message": ""}}, {"model": "admin.logentry", "pk": 25, "fields": {"action_time": "2019-12-18T11:17:26.342", "user": 1, "content_type": 11, "object_id": "33", "object_repr": "Comment object (33)", "action_flag": 3, "change_message": ""}}, {"model": "admin.logentry", "pk": 26, "fields": {"action_time": "2019-12-18T11:17:26.352", "user": 1, "content_type": 11, "object_id": "32", "object_repr": "Comment object (32)", "action_flag": 3, "change_message": ""}}, {"model": "admin.logentry", "pk": 27, "fields": {"action_time": "2019-12-18T11:17:26.358", "user": 1, "content_type": 11, "object_id": "31", "object_repr": "Comment object (31)", "action_flag": 3, "change_message": ""}}, {"model": "admin.logentry", "pk": 28, "fields": {"action_time": "2019-12-18T11:17:26.368", "user": 1, "content_type": 11, "object_id": "30", "object_repr": "Comment object (30)", "action_flag": 3, "change_message": ""}}, {"model": "admin.logentry", "pk": 29, "fields": {"action_time": "2019-12-18T11:17:26.378", "user": 1, "content_type": 11, "object_id": "29", "object_repr": "Comment object (29)", "action_flag": 3, "change_message": ""}}, {"model": "admin.logentry", "pk": 30, "fields": {"action_time": "2019-12-18T11:17:26.388", "user": 1, "content_type": 11, "object_id": "28", "object_repr": "Comment object (28)", "action_flag": 3, "change_message": ""}}, {"model": "admin.logentry", "pk": 31, "fields": {"action_time": "2019-12-18T11:17:26.398", "user": 1, "content_type": 11, "object_id": "27", "object_repr": "Comment object (27)", "action_flag": 3, "change_message": ""}}, {"model": "admin.logentry", "pk": 32, "fields": {"action_time": "2019-12-18T11:17:26.410", "user": 1, "content_type": 11, "object_id": "26", "object_repr": "Comment object (26)", "action_flag": 3, "change_message": ""}}, {"model": "admin.logentry", "pk": 33, "fields": {"action_time": "2019-12-18T11:17:26.422", "user": 1, "content_type": 11, "object_id": "25", "object_repr": "Comment object (25)", "action_flag": 3, "change_message": ""}}, {"model": "admin.logentry", "pk": 34, "fields": {"action_time": "2019-12-18T11:17:26.437", "user": 1, "content_type": 11, "object_id": "24", "object_repr": "Comment object (24)", "action_flag": 3, "change_message": ""}}, {"model": "admin.logentry", "pk": 35, "fields": {"action_time": "2019-12-18T11:17:26.454", "user": 1, "content_type": 11, "object_id": "23", "object_repr": "Comment object (23)", "action_flag": 3, "change_message": ""}}, {"model": "admin.logentry", "pk": 36, "fields": {"action_time": "2019-12-18T11:17:26.464", "user": 1, "content_type": 11, "object_id": "22", "object_repr": "Comment object (22)", "action_flag": 3, "change_message": ""}}, {"model": "admin.logentry", "pk": 37, "fields": {"action_time": "2019-12-18T11:17:26.471", "user": 1, "content_type": 11, "object_id": "21", "object_repr": "Comment object (21)", "action_flag": 3, "change_message": ""}}, {"model": "admin.logentry", "pk": 38, "fields": {"action_time": "2019-12-18T11:17:26.478", "user": 1, "content_type": 11, "object_id": "20", "object_repr": "Comment object (20)", "action_flag": 3, "change_message": ""}}, {"model": "admin.logentry", "pk": 39, "fields": {"action_time": "2019-12-18T11:17:26.486", "user": 1, "content_type": 11, "object_id": "19", "object_repr": "Comment object (19)", "action_flag": 3, "change_message": ""}}, {"model": "admin.logentry", "pk": 40, "fields": {"action_time": "2019-12-18T11:17:26.493", "user": 1, "content_type": 11, "object_id": "18", "object_repr": "Comment object (18)", "action_flag": 3, "change_message": ""}}, {"model": "admin.logentry", "pk": 41, "fields": {"action_time": "2019-12-18T12:39:24.639", "user": 1, "content_type": 11, "object_id": "44", "object_repr": "Comment object (44)", "action_flag": 3, "change_message": ""}}, {"model": "admin.logentry", "pk": 42, "fields": {"action_time": "2019-12-18T12:39:24.651", "user": 1, "content_type": 11, "object_id": "43", "object_repr": "Comment object (43)", "action_flag": 3, "change_message": ""}}, {"model": "admin.logentry", "pk": 43, "fields": {"action_time": "2019-12-19T11:49:30.926", "user": 1, "content_type": 11, "object_id": "57", "object_repr": "Comment object (57)", "action_flag": 3, "change_message": ""}}, {"model": "admin.logentry", "pk": 44, "fields": {"action_time": "2019-12-19T11:49:30.942", "user": 1, "content_type": 11, "object_id": "56", "object_repr": "Comment object (56)", "action_flag": 3, "change_message": ""}}, {"model": "admin.logentry", "pk": 45, "fields": {"action_time": "2019-12-19T11:49:30.957", "user": 1, "content_type": 11, "object_id": "55", "object_repr": "Comment object (55)", "action_flag": 3, "change_message": ""}}, {"model": "admin.logentry", "pk": 46, "fields": {"action_time": "2019-12-19T11:49:30.972", "user": 1, "content_type": 11, "object_id": "54", "object_repr": "Comment object (54)", "action_flag": 3, "change_message": ""}}, {"model": "admin.logentry", "pk": 47, "fields": {"action_time": "2019-12-19T11:49:30.985", "user": 1, "content_type": 11, "object_id": "53", "object_repr": "Comment object (53)", "action_flag": 3, "change_message": ""}}, {"model": "admin.logentry", "pk": 48, "fields": {"action_time": "2019-12-19T11:49:30.995", "user": 1, "content_type": 11, "object_id": "52", "object_repr": "Comment object (52)", "action_flag": 3, "change_message": ""}}, {"model": "admin.logentry", "pk": 49, "fields": {"action_time": "2019-12-19T11:49:31.012", "user": 1, "content_type": 11, "object_id": "51", "object_repr": "Comment object (51)", "action_flag": 3, "change_message": ""}}, {"model": "admin.logentry", "pk": 50, "fields": {"action_time": "2019-12-19T11:49:31.025", "user": 1, "content_type": 11, "object_id": "50", "object_repr": "Comment object (50)", "action_flag": 3, "change_message": ""}}, {"model": "admin.logentry", "pk": 51, "fields": {"action_time": "2019-12-19T11:49:31.039", "user": 1, "content_type": 11, "object_id": "49", "object_repr": "Comment object (49)", "action_flag": 3, "change_message": ""}}, {"model": "admin.logentry", "pk": 52, "fields": {"action_time": "2019-12-19T11:49:31.053", "user": 1, "content_type": 11, "object_id": "48", "object_repr": "Comment object (48)", "action_flag": 3, "change_message": ""}}, {"model": "admin.logentry", "pk": 53, "fields": {"action_time": "2019-12-19T11:49:31.066", "user": 1, "content_type": 11, "object_id": "47", "object_repr": "Comment object (47)", "action_flag": 3, "change_message": ""}}, {"model": "admin.logentry", "pk": 54, "fields": {"action_time": "2019-12-19T11:49:31.082", "user": 1, "content_type": 11, "object_id": "46", "object_repr": "Comment object (46)", "action_flag": 3, "change_message": ""}}, {"model": "admin.logentry", "pk": 55, "fields": {"action_time": "2019-12-19T11:49:31.091", "user": 1, "content_type": 11, "object_id": "45", "object_repr": "Comment object (45)", "action_flag": 3, "change_message": ""}}, {"model": "admin.logentry", "pk": 56, "fields": {"action_time": "2019-12-19T11:49:31.103", "user": 1, "content_type": 11, "object_id": "12", "object_repr": "Comment object (12)", "action_flag": 3, "change_message": ""}}, {"model": "admin.logentry", "pk": 57, "fields": {"action_time": "2019-12-19T11:49:31.111", "user": 1, "content_type": 11, "object_id": "11", "object_repr": "Comment object (11)", "action_flag": 3, "change_message": ""}}, {"model": "admin.logentry", "pk": 58, "fields": {"action_time": "2019-12-19T11:49:31.119", "user": 1, "content_type": 11, "object_id": "10", "object_repr": "Comment object (10)", "action_flag": 3, "change_message": ""}}, {"model": "admin.logentry", "pk": 59, "fields": {"action_time": "2019-12-19T11:49:31.139", "user": 1, "content_type": 11, "object_id": "9", "object_repr": "Comment object (9)", "action_flag": 3, "change_message": ""}}, {"model": "admin.logentry", "pk": 60, "fields": {"action_time": "2019-12-22T13:35:17.504", "user": 1, "content_type": 11, "object_id": "8", "object_repr": "\u6211\u7231\u4f60\u4e2d\u56fd\uff0c\u4eb2\u7231\u7684\u6bcd\u4eb2\uff01", "action_flag": 3, "change_message": ""}}, {"model": "admin.logentry", "pk": 61, "fields": {"action_time": "2019-12-22T13:36:00.382", "user": 1, "content_type": 11, "object_id": "60", "object_repr": "\u6211\u56de\u590d\u4f60\u4e86", "action_flag": 1, "change_message": "[{\"added\": {}}]"}}, {"model": "admin.logentry", "pk": 62, "fields": {"action_time": "2019-12-22T13:37:05.963", "user": 1, "content_type": 11, "object_id": "60", "object_repr": "\u6211\u56de\u590d\u4f60\u4e86", "action_flag": 3, "change_message": ""}}, {"model": "admin.logentry", "pk": 63, "fields": {"action_time": "2019-12-22T13:38:55.160", "user": 1, "content_type": 11, "object_id": "61", "object_repr": "\u6211\u56de\u590d\u4f60\u4e86", "action_flag": 1, "change_message": "[{\"added\": {}}]"}}, {"model": "admin.logentry", "pk": 64, "fields": {"action_time": "2019-12-22T13:43:57.626", "user": 1, "content_type": 11, "object_id": "61", "object_repr": "\u6211\u56de\u590d\u4f60\u4e86", "action_flag": 3, "change_message": ""}}, {"model": "admin.logentry", "pk": 65, "fields": {"action_time": "2019-12-22T13:44:21.155", "user": 1, "content_type": 11, "object_id": "62", "object_repr": "\u6211\u56de\u590d\u4f60\u4e86", "action_flag": 1, "change_message": "[{\"added\": {}}]"}}, {"model": "admin.logentry", "pk": 66, "fields": {"action_time": "2019-12-22T14:07:45.879", "user": 1, "content_type": 11, "object_id": "63", "object_repr": "\u6211\u7ee7\u7eed", "action_flag": 1, "change_message": "[{\"added\": {}}]"}}, {"model": "admin.logentry", "pk": 67, "fields": {"action_time": "2019-12-22T14:08:32.805", "user": 1, "content_type": 11, "object_id": "64", "object_repr": "\u6211\u8fd8\u8981", "action_flag": 1, "change_message": "[{\"added\": {}}]"}}, {"model": "admin.logentry", "pk": 68, "fields": {"action_time": "2019-12-22T14:09:07.909", "user": 1, "content_type": 11, "object_id": "64", "object_repr": "\u6211\u8fd8\u8981", "action_flag": 2, "change_message": "[{\"changed\": {\"fields\": [\"root\", \"parent\", \"reply\"]}}]"}}, {"model": "admin.logentry", "pk": 69, "fields": {"action_time": "2019-12-28T06:43:45.807", "user": 1, "content_type": 11, "object_id": "1", "object_repr": "qewqqe", "action_flag": 3, "change_message": ""}}, {"model": "admin.logentry", "pk": 70, "fields": {"action_time": "2019-12-28T06:43:45.818", "user": 1, "content_type": 11, "object_id": "2", "object_repr": "123456789", "action_flag": 3, "change_message": ""}}, {"model": "admin.logentry", "pk": 71, "fields": {"action_time": "2019-12-28T06:43:45.826", "user": 1, "content_type": 11, "object_id": "3", "object_repr": "\u6211\u7231\u4f60\u7956\u56fd", "action_flag": 3, "change_message": ""}}, {"model": "admin.logentry", "pk": 72, "fields": {"action_time": "2019-12-28T06:43:45.833", "user": 1, "content_type": 11, "object_id": "4", "object_repr": "\u6069\u6069     \u597d\u7684", "action_flag": 3, "change_message": ""}}, {"model": "admin.logentry", "pk": 73, "fields": {"action_time": "2019-12-28T06:43:45.841", "user": 1, "content_type": 11, "object_id": "5", "object_repr": "1                                        4\r\n\u53d1", "action_flag": 3, "change_message": ""}}, {"model": "admin.logentry", "pk": 74, "fields": {"action_time": "2019-12-28T06:43:45.850", "user": 1, "content_type": 11, "object_id": "7", "object_repr": "\u53bb\u73a9\u513f\u63a8", "action_flag": 3, "change_message": ""}}, {"model": "admin.logentry", "pk": 75, "fields": {"action_time": "2019-12-28T06:43:54.982", "user": 1, "content_type": 11, "object_id": "1", "object_repr": "qewqqe", "action_flag": 3, "change_message": ""}}, {"model": "admin.logentry", "pk": 76, "fields": {"action_time": "2019-12-28T06:43:54.995", "user": 1, "content_type": 11, "object_id": "2", "object_repr": "123456789", "action_flag": 3, "change_message": ""}}, {"model": "admin.logentry", "pk": 77, "fields": {"action_time": "2019-12-28T06:43:55.004", "user": 1, "content_type": 11, "object_id": "3", "object_repr": "\u6211\u7231\u4f60\u7956\u56fd", "action_flag": 3, "change_message": ""}}, {"model": "admin.logentry", "pk": 78, "fields": {"action_time": "2019-12-28T06:43:55.014", "user": 1, "content_type": 11, "object_id": "4", "object_repr": "\u6069\u6069     \u597d\u7684", "action_flag": 3, "change_message": ""}}, {"model": "admin.logentry", "pk": 79, "fields": {"action_time": "2019-12-28T06:43:55.027", "user": 1, "content_type": 11, "object_id": "5", "object_repr": "1                                        4\r\n\u53d1", "action_flag": 3, "change_message": ""}}, {"model": "admin.logentry", "pk": 80, "fields": {"action_time": "2019-12-28T06:43:55.037", "user": 1, "content_type": 11, "object_id": "7", "object_repr": "\u53bb\u73a9\u513f\u63a8", "action_flag": 3, "change_message": ""}}, {"model": "admin.logentry", "pk": 81, "fields": {"action_time": "2019-12-28T06:44:44.875", "user": 1, "content_type": 11, "object_id": "67", "object_repr": "<p>1231231321</p>", "action_flag": 3, "change_message": ""}}, {"model": "admin.logentry", "pk": 82, "fields": {"action_time": "2019-12-28T06:44:44.885", "user": 1, "content_type": 11, "object_id": "68", "object_repr": "<p>123123123</p>", "action_flag": 3, "change_message": ""}}, {"model": "admin.logentry", "pk": 83, "fields": {"action_time": "2019-12-28T06:44:44.894", "user": 1, "content_type": 11, "object_id": "69", "object_repr": "<p>123123123</p>", "action_flag": 3, "change_message": ""}}, {"model": "admin.logentry", "pk": 84, "fields": {"action_time": "2019-12-28T06:44:44.903", "user": 1, "content_type": 11, "object_id": "70", "object_repr": "<p>1233333333333333333333333</p>", "action_flag": 3, "change_message": ""}}, {"model": "admin.logentry", "pk": 85, "fields": {"action_time": "2019-12-28T06:44:44.911", "user": 1, "content_type": 11, "object_id": "71", "object_repr": "<p>55555555555555555</p>", "action_flag": 3, "change_message": ""}}, {"model": "admin.logentry", "pk": 86, "fields": {"action_time": "2019-12-28T06:44:44.926", "user": 1, "content_type": 11, "object_id": "72", "object_repr": "<p>11111111</p>", "action_flag": 3, "change_message": ""}}, {"model": "admin.logentry", "pk": 87, "fields": {"action_time": "2019-12-28T06:44:44.933", "user": 1, "content_type": 11, "object_id": "73", "object_repr": "<p>2222222222222222</p>", "action_flag": 3, "change_message": ""}}, {"model": "admin.logentry", "pk": 88, "fields": {"action_time": "2019-12-28T06:44:44.982", "user": 1, "content_type": 11, "object_id": "74", "object_repr": "<p>33333333333</p>", "action_flag": 3, "change_message": ""}}, {"model": "admin.logentry", "pk": 89, "fields": {"action_time": "2019-12-28T06:44:44.992", "user": 1, "content_type": 11, "object_id": "75", "object_repr": "<p>33333333333</p>", "action_flag": 3, "change_message": ""}}, {"model": "admin.logentry", "pk": 90, "fields": {"action_time": "2019-12-28T06:44:45.005", "user": 1, "content_type": 11, "object_id": "76", "object_repr": "<p>444444444444444444444</p>", "action_flag": 3, "change_message": ""}}, {"model": "admin.logentry", "pk": 91, "fields": {"action_time": "2019-12-28T06:44:45.016", "user": 1, "content_type": 11, "object_id": "77", "object_repr": "<p>555555555</p>", "action_flag": 3, "change_message": ""}}, {"model": "admin.logentry", "pk": 92, "fields": {"action_time": "2019-12-28T06:44:45.026", "user": 1, "content_type": 11, "object_id": "78", "object_repr": "<p>666666666666</p>", "action_flag": 3, "change_message": ""}}, {"model": "admin.logentry", "pk": 93, "fields": {"action_time": "2019-12-28T06:44:45.034", "user": 1, "content_type": 11, "object_id": "79", "object_repr": "<p>7777777777</p>", "action_flag": 3, "change_message": ""}}, {"model": "admin.logentry", "pk": 94, "fields": {"action_time": "2019-12-28T06:44:45.044", "user": 1, "content_type": 11, "object_id": "80", "object_repr": "<p>1123123</p>", "action_flag": 3, "change_message": ""}}, {"model": "admin.logentry", "pk": 95, "fields": {"action_time": "2019-12-28T06:44:45.054", "user": 1, "content_type": 11, "object_id": "81", "object_repr": "<p>222222222222222222222222</p>", "action_flag": 3, "change_message": ""}}, {"model": "admin.logentry", "pk": 96, "fields": {"action_time": "2019-12-28T06:44:45.060", "user": 1, "content_type": 11, "object_id": "82", "object_repr": "<p>333333333333333333</p>", "action_flag": 3, "change_message": ""}}, {"model": "admin.logentry", "pk": 97, "fields": {"action_time": "2019-12-28T12:18:13.294", "user": 1, "content_type": 8, "object_id": "4", "object_repr": "<Blog: \u7b2c\u4e8c\u7bc7\u535a\u5ba2>", "action_flag": 1, "change_message": "[{\"added\": {}}]"}}, {"model": "admin.logentry", "pk": 98, "fields": {"action_time": "2019-12-28T12:18:26.575", "user": 1, "content_type": 8, "object_id": "5", "object_repr": "<Blog: \u7b2c\u4e09\u7bc7\u535a\u5ba2>", "action_flag": 1, "change_message": "[{\"added\": {}}]"}}, {"model": "admin.logentry", "pk": 99, "fields": {"action_time": "2019-12-28T12:18:39.448", "user": 1, "content_type": 8, "object_id": "6", "object_repr": "<Blog: \u7b2c\u4e8c\u7bc7\u968f\u7b14>", "action_flag": 1, "change_message": "[{\"added\": {}}]"}}, {"model": "admin.logentry", "pk": 100, "fields": {"action_time": "2019-12-28T12:18:51.538", "user": 1, "content_type": 8, "object_id": "7", "object_repr": "<Blog: \u7b2c\u4e09\u7bc7\u968f\u7b14>", "action_flag": 1, "change_message": "[{\"added\": {}}]"}}, {"model": "admin.logentry", "pk": 101, "fields": {"action_time": "2019-12-28T12:19:23.420", "user": 1, "content_type": 8, "object_id": "8", "object_repr": "<Blog: \u6211\u7684\u7b2c\u4e8c\u7bc7Django>", "action_flag": 1, "change_message": "[{\"added\": {}}]"}}, {"model": "admin.logentry", "pk": 102, "fields": {"action_time": "2019-12-29T07:36:41.789", "user": 1, "content_type": 11, "object_id": "1", "object_repr": "qewqqe", "action_flag": 3, "change_message": ""}}, {"model": "admin.logentry", "pk": 103, "fields": {"action_time": "2019-12-29T07:36:41.807", "user": 1, "content_type": 11, "object_id": "2", "object_repr": "123456789", "action_flag": 3, "change_message": ""}}, {"model": "admin.logentry", "pk": 104, "fields": {"action_time": "2019-12-29T07:36:41.816", "user": 1, "content_type": 11, "object_id": "3", "object_repr": "\u6211\u7231\u4f60\u7956\u56fd", "action_flag": 3, "change_message": ""}}, {"model": "admin.logentry", "pk": 105, "fields": {"action_time": "2019-12-29T07:36:41.825", "user": 1, "content_type": 11, "object_id": "4", "object_repr": "\u6069\u6069     \u597d\u7684", "action_flag": 3, "change_message": ""}}, {"model": "admin.logentry", "pk": 106, "fields": {"action_time": "2019-12-29T07:36:41.834", "user": 1, "content_type": 11, "object_id": "5", "object_repr": "1                                        4\r\n\u53d1", "action_flag": 3, "change_message": ""}}, {"model": "admin.logentry", "pk": 107, "fields": {"action_time": "2019-12-29T07:36:41.842", "user": 1, "content_type": 11, "object_id": "7", "object_repr": "\u53bb\u73a9\u513f\u63a8", "action_flag": 3, "change_message": ""}}, {"model": "admin.logentry", "pk": 108, "fields": {"action_time": "2019-12-29T07:36:41.851", "user": 1, "content_type": 11, "object_id": "58", "object_repr": "<p>1111111111111111</p>", "action_flag": 3, "change_message": ""}}, {"model": "admin.logentry", "pk": 109, "fields": {"action_time": "2019-12-29T07:36:41.862", "user": 1, "content_type": 11, "object_id": "59", "object_repr": "<p>12222222222222222222222222</p>", "action_flag": 3, "change_message": ""}}, {"model": "admin.logentry", "pk": 110, "fields": {"action_time": "2019-12-29T07:36:41.872", "user": 1, "content_type": 11, "object_id": "62", "object_repr": "\u6211\u56de\u590d\u4f60\u4e86", "action_flag": 3, "change_message": ""}}, {"model": "admin.logentry", "pk": 111, "fields": {"action_time": "2019-12-29T07:36:41.884", "user": 1, "content_type": 11, "object_id": "63", "object_repr": "\u6211\u7ee7\u7eed", "action_flag": 3, "change_message": ""}}, {"model": "admin.logentry", "pk": 112, "fields": {"action_time": "2019-12-29T07:36:41.894", "user": 1, "content_type": 11, "object_id": "64", "object_repr": "\u6211\u8fd8\u8981", "action_flag": 3, "change_message": ""}}, {"model": "admin.logentry", "pk": 113, "fields": {"action_time": "2019-12-29T07:36:41.902", "user": 1, "content_type": 11, "object_id": "65", "object_repr": "<p>\u6211\u7231\u4f60\u4e2d\u56fd</p>", "action_flag": 3, "change_message": ""}}, {"model": "admin.logentry", "pk": 114, "fields": {"action_time": "2019-12-29T07:36:41.912", "user": 1, "content_type": 11, "object_id": "66", "object_repr": "<p>\u6211\u4e5f\u7231\u4f60</p>", "action_flag": 3, "change_message": ""}}, {"model": "admin.logentry", "pk": 115, "fields": {"action_time": "2019-12-29T07:36:41.923", "user": 1, "content_type": 11, "object_id": "83", "object_repr": "<p>111111111</p>", "action_flag": 3, "change_message": ""}}, {"model": "admin.logentry", "pk": 116, "fields": {"action_time": "2019-12-29T07:36:41.935", "user": 1, "content_type": 11, "object_id": "84", "object_repr": "<p>222222222</p>", "action_flag": 3, "change_message": ""}}, {"model": "admin.logentry", "pk": 117, "fields": {"action_time": "2019-12-29T07:36:41.949", "user": 1, "content_type": 11, "object_id": "85", "object_repr": "<p>333333333</p>", "action_flag": 3, "change_message": ""}}, {"model": "admin.logentry", "pk": 118, "fields": {"action_time": "2019-12-29T07:36:41.962", "user": 1, "content_type": 11, "object_id": "86", "object_repr": "<p>4444444444444</p>", "action_flag": 3, "change_message": ""}}, {"model": "admin.logentry", "pk": 119, "fields": {"action_time": "2019-12-29T07:36:41.974", "user": 1, "content_type": 11, "object_id": "87", "object_repr": "<p>5555555</p>", "action_flag": 3, "change_message": ""}}, {"model": "admin.logentry", "pk": 120, "fields": {"action_time": "2019-12-29T07:36:41.988", "user": 1, "content_type": 11, "object_id": "88", "object_repr": "<p>666666666666</p>", "action_flag": 3, "change_message": ""}}, {"model": "admin.logentry", "pk": 121, "fields": {"action_time": "2019-12-29T07:36:41.997", "user": 1, "content_type": 11, "object_id": "89", "object_repr": "<p>11111111111111111</p>", "action_flag": 3, "change_message": ""}}, {"model": "admin.logentry", "pk": 122, "fields": {"action_time": "2019-12-29T07:36:42.005", "user": 1, "content_type": 11, "object_id": "90", "object_repr": "<p>111111111111111112</p>", "action_flag": 3, "change_message": ""}}, {"model": "admin.logentry", "pk": 123, "fields": {"action_time": "2019-12-29T07:36:42.016", "user": 1, "content_type": 11, "object_id": "91", "object_repr": "<p>111111111111111112222222222222</p>", "action_flag": 3, "change_message": ""}}, {"model": "admin.logentry", "pk": 124, "fields": {"action_time": "2019-12-29T07:36:42.026", "user": 1, "content_type": 11, "object_id": "92", "object_repr": "<p>111111111111111112222222222222</p>", "action_flag": 3, "change_message": ""}}, {"model": "admin.logentry", "pk": 125, "fields": {"action_time": "2019-12-29T07:36:42.036", "user": 1, "content_type": 11, "object_id": "93", "object_repr": "<p>11111111111111111222222222222233333</p>", "action_flag": 3, "change_message": ""}}, {"model": "admin.logentry", "pk": 126, "fields": {"action_time": "2019-12-29T07:36:42.052", "user": 1, "content_type": 11, "object_id": "94", "object_repr": "<p>8888888</p>", "action_flag": 3, "change_message": ""}}, {"model": "admin.logentry", "pk": 127, "fields": {"action_time": "2019-12-29T07:36:42.059", "user": 1, "content_type": 11, "object_id": "95", "object_repr": "<p>8888888</p>", "action_flag": 3, "change_message": ""}}, {"model": "admin.logentry", "pk": 128, "fields": {"action_time": "2019-12-29T07:36:42.067", "user": 1, "content_type": 11, "object_id": "96", "object_repr": "<p>6666</p>", "action_flag": 3, "change_message": ""}}, {"model": "admin.logentry", "pk": 129, "fields": {"action_time": "2019-12-29T07:36:42.076", "user": 1, "content_type": 11, "object_id": "97", "object_repr": "<p>\u6c34\u7535\u8d39</p>", "action_flag": 3, "change_message": ""}}, {"model": "admin.logentry", "pk": 130, "fields": {"action_time": "2019-12-29T07:36:42.082", "user": 1, "content_type": 11, "object_id": "98", "object_repr": "<p>\u6c34\u7535\u8d39</p>", "action_flag": 3, "change_message": ""}}, {"model": "admin.logentry", "pk": 131, "fields": {"action_time": "2019-12-29T07:36:42.090", "user": 1, "content_type": 11, "object_id": "99", "object_repr": "<p>\u6c34\u7535\u8d39</p>", "action_flag": 3, "change_message": ""}}, {"model": "admin.logentry", "pk": 132, "fields": {"action_time": "2019-12-29T07:36:42.096", "user": 1, "content_type": 11, "object_id": "100", "object_repr": "<p>1111111</p>", "action_flag": 3, "change_message": ""}}, {"model": "admin.logentry", "pk": 133, "fields": {"action_time": "2019-12-29T07:36:42.105", "user": 1, "content_type": 11, "object_id": "101", "object_repr": "<p>22222222</p>", "action_flag": 3, "change_message": ""}}, {"model": "admin.logentry", "pk": 134, "fields": {"action_time": "2019-12-29T07:36:42.117", "user": 1, "content_type": 11, "object_id": "102", "object_repr": "<p>3333333</p>", "action_flag": 3, "change_message": ""}}, {"model": "admin.logentry", "pk": 135, "fields": {"action_time": "2019-12-29T07:36:42.123", "user": 1, "content_type": 11, "object_id": "103", "object_repr": "<p>111111</p>", "action_flag": 3, "change_message": ""}}, {"model": "admin.logentry", "pk": 136, "fields": {"action_time": "2019-12-29T07:36:42.129", "user": 1, "content_type": 11, "object_id": "104", "object_repr": "<p>2222222222</p>", "action_flag": 3, "change_message": ""}}, {"model": "admin.logentry", "pk": 137, "fields": {"action_time": "2019-12-29T07:36:42.140", "user": 1, "content_type": 11, "object_id": "105", "object_repr": "<p>2222222222</p>", "action_flag": 3, "change_message": ""}}, {"model": "admin.logentry", "pk": 138, "fields": {"action_time": "2019-12-29T07:36:42.147", "user": 1, "content_type": 11, "object_id": "106", "object_repr": "<p>2222222222</p>", "action_flag": 3, "change_message": ""}}, {"model": "admin.logentry", "pk": 139, "fields": {"action_time": "2019-12-29T07:36:42.157", "user": 1, "content_type": 11, "object_id": "107", "object_repr": "<p>2222222222</p>", "action_flag": 3, "change_message": ""}}, {"model": "admin.logentry", "pk": 140, "fields": {"action_time": "2019-12-29T07:36:42.163", "user": 1, "content_type": 11, "object_id": "108", "object_repr": "<p>2222222222</p>", "action_flag": 3, "change_message": ""}}, {"model": "admin.logentry", "pk": 141, "fields": {"action_time": "2019-12-29T07:36:42.169", "user": 1, "content_type": 11, "object_id": "109", "object_repr": "<p>2222222222</p>", "action_flag": 3, "change_message": ""}}, {"model": "admin.logentry", "pk": 142, "fields": {"action_time": "2019-12-29T07:36:42.175", "user": 1, "content_type": 11, "object_id": "110", "object_repr": "<p>2222222222</p>", "action_flag": 3, "change_message": ""}}, {"model": "admin.logentry", "pk": 143, "fields": {"action_time": "2019-12-29T07:36:42.182", "user": 1, "content_type": 11, "object_id": "111", "object_repr": "<p>2222222222</p>", "action_flag": 3, "change_message": ""}}, {"model": "admin.logentry", "pk": 144, "fields": {"action_time": "2019-12-29T07:36:42.189", "user": 1, "content_type": 11, "object_id": "112", "object_repr": "<p>2222222222</p>", "action_flag": 3, "change_message": ""}}, {"model": "admin.logentry", "pk": 145, "fields": {"action_time": "2019-12-29T07:36:42.195", "user": 1, "content_type": 11, "object_id": "113", "object_repr": "<p>2222222222</p>", "action_flag": 3, "change_message": ""}}, {"model": "admin.logentry", "pk": 146, "fields": {"action_time": "2019-12-29T07:36:42.202", "user": 1, "content_type": 11, "object_id": "114", "object_repr": "<p>2222222222</p>", "action_flag": 3, "change_message": ""}}, {"model": "admin.logentry", "pk": 147, "fields": {"action_time": "2019-12-29T07:36:42.208", "user": 1, "content_type": 11, "object_id": "115", "object_repr": "<p>2222222222</p>", "action_flag": 3, "change_message": ""}}, {"model": "admin.logentry", "pk": 148, "fields": {"action_time": "2019-12-29T07:36:42.214", "user": 1, "content_type": 11, "object_id": "116", "object_repr": "<p>2222222222</p>", "action_flag": 3, "change_message": ""}}, {"model": "admin.logentry", "pk": 149, "fields": {"action_time": "2019-12-29T07:36:42.221", "user": 1, "content_type": 11, "object_id": "117", "object_repr": "<p>2222222222</p>", "action_flag": 3, "change_message": ""}}, {"model": "admin.logentry", "pk": 150, "fields": {"action_time": "2019-12-29T07:36:42.227", "user": 1, "content_type": 11, "object_id": "118", "object_repr": "<p>2222222222</p>", "action_flag": 3, "change_message": ""}}, {"model": "admin.logentry", "pk": 151, "fields": {"action_time": "2019-12-29T07:36:42.234", "user": 1, "content_type": 11, "object_id": "119", "object_repr": "<p>2222222222</p>", "action_flag": 3, "change_message": ""}}, {"model": "admin.logentry", "pk": 152, "fields": {"action_time": "2019-12-29T07:36:42.241", "user": 1, "content_type": 11, "object_id": "120", "object_repr": "<p>2222222222</p>", "action_flag": 3, "change_message": ""}}, {"model": "admin.logentry", "pk": 153, "fields": {"action_time": "2019-12-29T07:36:42.251", "user": 1, "content_type": 11, "object_id": "121", "object_repr": "<p>2222222222</p>", "action_flag": 3, "change_message": ""}}, {"model": "admin.logentry", "pk": 154, "fields": {"action_time": "2019-12-29T07:36:42.258", "user": 1, "content_type": 11, "object_id": "122", "object_repr": "<p>2222222222</p>", "action_flag": 3, "change_message": ""}}, {"model": "admin.logentry", "pk": 155, "fields": {"action_time": "2019-12-29T07:36:42.265", "user": 1, "content_type": 11, "object_id": "123", "object_repr": "<p>2222222222</p>", "action_flag": 3, "change_message": ""}}, {"model": "admin.logentry", "pk": 156, "fields": {"action_time": "2019-12-29T07:36:42.276", "user": 1, "content_type": 11, "object_id": "124", "object_repr": "<p>2222222222</p>", "action_flag": 3, "change_message": ""}}, {"model": "admin.logentry", "pk": 157, "fields": {"action_time": "2019-12-29T07:36:42.282", "user": 1, "content_type": 11, "object_id": "125", "object_repr": "<p>2222222222</p>", "action_flag": 3, "change_message": ""}}, {"model": "admin.logentry", "pk": 158, "fields": {"action_time": "2019-12-29T07:36:42.289", "user": 1, "content_type": 11, "object_id": "126", "object_repr": "<p>2222222222</p>", "action_flag": 3, "change_message": ""}}, {"model": "admin.logentry", "pk": 159, "fields": {"action_time": "2019-12-29T07:36:42.296", "user": 1, "content_type": 11, "object_id": "127", "object_repr": "<p>2222222222</p>", "action_flag": 3, "change_message": ""}}, {"model": "admin.logentry", "pk": 160, "fields": {"action_time": "2019-12-29T07:36:42.302", "user": 1, "content_type": 11, "object_id": "128", "object_repr": "<p>2222222222</p>", "action_flag": 3, "change_message": ""}}, {"model": "admin.logentry", "pk": 161, "fields": {"action_time": "2019-12-29T07:36:42.313", "user": 1, "content_type": 11, "object_id": "129", "object_repr": "<p>2222222222</p>", "action_flag": 3, "change_message": ""}}, {"model": "admin.logentry", "pk": 162, "fields": {"action_time": "2019-12-29T07:36:42.320", "user": 1, "content_type": 11, "object_id": "130", "object_repr": "<p>2222222222</p>", "action_flag": 3, "change_message": ""}}, {"model": "admin.logentry", "pk": 163, "fields": {"action_time": "2019-12-29T07:36:42.326", "user": 1, "content_type": 11, "object_id": "131", "object_repr": "<p>2222222222</p>", "action_flag": 3, "change_message": ""}}, {"model": "admin.logentry", "pk": 164, "fields": {"action_time": "2019-12-29T07:36:42.332", "user": 1, "content_type": 11, "object_id": "132", "object_repr": "<p>2222222222</p>", "action_flag": 3, "change_message": ""}}, {"model": "admin.logentry", "pk": 165, "fields": {"action_time": "2019-12-29T07:36:42.338", "user": 1, "content_type": 11, "object_id": "133", "object_repr": "<p>2222222222</p>", "action_flag": 3, "change_message": ""}}, {"model": "admin.logentry", "pk": 166, "fields": {"action_time": "2019-12-29T07:36:42.345", "user": 1, "content_type": 11, "object_id": "134", "object_repr": "<p>3333</p>", "action_flag": 3, "change_message": ""}}, {"model": "admin.logentry", "pk": 167, "fields": {"action_time": "2019-12-29T07:36:42.351", "user": 1, "content_type": 11, "object_id": "135", "object_repr": "<p>3333</p>", "action_flag": 3, "change_message": ""}}, {"model": "admin.logentry", "pk": 168, "fields": {"action_time": "2019-12-29T07:36:42.362", "user": 1, "content_type": 11, "object_id": "136", "object_repr": "<p>11111111111</p>", "action_flag": 3, "change_message": ""}}, {"model": "admin.logentry", "pk": 169, "fields": {"action_time": "2019-12-29T07:36:42.368", "user": 1, "content_type": 11, "object_id": "137", "object_repr": "<p>222222</p>", "action_flag": 3, "change_message": ""}}, {"model": "admin.logentry", "pk": 170, "fields": {"action_time": "2019-12-29T07:36:42.374", "user": 1, "content_type": 11, "object_id": "138", "object_repr": "<p>2222</p>", "action_flag": 3, "change_message": ""}}, {"model": "admin.logentry", "pk": 171, "fields": {"action_time": "2019-12-29T07:36:42.380", "user": 1, "content_type": 11, "object_id": "139", "object_repr": "<p>3333333333</p>", "action_flag": 3, "change_message": ""}}, {"model": "admin.logentry", "pk": 172, "fields": {"action_time": "2019-12-29T07:36:42.386", "user": 1, "content_type": 11, "object_id": "140", "object_repr": "<p>4444</p>", "action_flag": 3, "change_message": ""}}, {"model": "admin.logentry", "pk": 173, "fields": {"action_time": "2019-12-29T07:36:42.392", "user": 1, "content_type": 11, "object_id": "141", "object_repr": "<p>4444</p>", "action_flag": 3, "change_message": ""}}, {"model": "admin.logentry", "pk": 174, "fields": {"action_time": "2019-12-29T07:36:42.398", "user": 1, "content_type": 11, "object_id": "142", "object_repr": "<p>4444</p>", "action_flag": 3, "change_message": ""}}, {"model": "admin.logentry", "pk": 175, "fields": {"action_time": "2019-12-29T07:36:42.409", "user": 1, "content_type": 11, "object_id": "143", "object_repr": "<p>1222223</p>\r\n\r\n<p>4455</p>", "action_flag": 3, "change_message": ""}}, {"model": "admin.logentry", "pk": 176, "fields": {"action_time": "2019-12-29T07:36:42.420", "user": 1, "content_type": 11, "object_id": "144", "object_repr": "<p>11</p>", "action_flag": 3, "change_message": ""}}, {"model": "admin.logentry", "pk": 177, "fields": {"action_time": "2019-12-29T07:36:42.426", "user": 1, "content_type": 11, "object_id": "145", "object_repr": "<p>11</p>", "action_flag": 3, "change_message": ""}}, {"model": "admin.logentry", "pk": 178, "fields": {"action_time": "2019-12-29T07:37:40.726", "user": 1, "content_type": 11, "object_id": "147", "object_repr": "\u6211\u56de\u590d\u4f60", "action_flag": 1, "change_message": "[{\"added\": {}}]"}}, {"model": "admin.logentry", "pk": 179, "fields": {"action_time": "2019-12-30T05:28:28.999", "user": 1, "content_type": 9, "object_id": "9", "object_repr": "ReadNum object (9)", "action_flag": 1, "change_message": "[{\"added\": {}}]"}}, {"model": "admin.logentry", "pk": 180, "fields": {"action_time": "2019-12-30T05:28:49.712", "user": 1, "content_type": 9, "object_id": "9", "object_repr": "ReadNum object (9)", "action_flag": 3, "change_message": ""}}, {"model": "admin.logentry", "pk": 181, "fields": {"action_time": "2019-12-30T05:29:02.271", "user": 1, "content_type": 9, "object_id": "10", "object_repr": "ReadNum object (10)", "action_flag": 1, "change_message": "[{\"added\": {}}]"}}, {"model": "admin.logentry", "pk": 182, "fields": {"action_time": "2019-12-30T05:29:22.887", "user": 1, "content_type": 9, "object_id": "10", "object_repr": "ReadNum object (10)", "action_flag": 3, "change_message": ""}}, {"model": "admin.logentry", "pk": 183, "fields": {"action_time": "2019-12-30T05:37:09.185", "user": 1, "content_type": 9, "object_id": "11", "object_repr": "ReadNum object (11)", "action_flag": 1, "change_message": "[{\"added\": {}}]"}}, {"model": "admin.logentry", "pk": 184, "fields": {"action_time": "2019-12-30T05:38:19.378", "user": 1, "content_type": 9, "object_id": "5", "object_repr": "ReadNum object (5)", "action_flag": 2, "change_message": "[{\"changed\": {\"fields\": [\"read_num\"]}}]"}}, {"model": "admin.logentry", "pk": 185, "fields": {"action_time": "2019-12-30T05:38:32.699", "user": 1, "content_type": 9, "object_id": "11", "object_repr": "ReadNum object (11)", "action_flag": 3, "change_message": ""}}, {"model": "admin.logentry", "pk": 186, "fields": {"action_time": "2020-01-02T12:03:49.443", "user": 1, "content_type": 11, "object_id": "146", "object_repr": "<p>111111111</p>", "action_flag": 3, "change_message": ""}}, {"model": "admin.logentry", "pk": 187, "fields": {"action_time": "2020-01-02T12:03:49.453", "user": 1, "content_type": 11, "object_id": "147", "object_repr": "\u6211\u56de\u590d\u4f60", "action_flag": 3, "change_message": ""}}, {"model": "admin.logentry", "pk": 188, "fields": {"action_time": "2020-01-02T12:03:49.470", "user": 1, "content_type": 11, "object_id": "148", "object_repr": "<p>2222222222</p>", "action_flag": 3, "change_message": ""}}, {"model": "admin.logentry", "pk": 189, "fields": {"action_time": "2020-01-02T12:03:49.492", "user": 1, "content_type": 11, "object_id": "149", "object_repr": "<p>333333333</p>", "action_flag": 3, "change_message": ""}}, {"model": "admin.logentry", "pk": 190, "fields": {"action_time": "2020-01-02T12:03:49.501", "user": 1, "content_type": 11, "object_id": "150", "object_repr": "<p>222222</p>", "action_flag": 3, "change_message": ""}}, {"model": "admin.logentry", "pk": 191, "fields": {"action_time": "2020-01-02T12:03:49.516", "user": 1, "content_type": 11, "object_id": "151", "object_repr": "<p>33333</p>", "action_flag": 3, "change_message": ""}}, {"model": "admin.logentry", "pk": 192, "fields": {"action_time": "2020-01-02T12:03:49.532", "user": 1, "content_type": 11, "object_id": "152", "object_repr": "<p>4444444444</p>", "action_flag": 3, "change_message": ""}}, {"model": "admin.logentry", "pk": 193, "fields": {"action_time": "2020-01-02T12:03:49.543", "user": 1, "content_type": 11, "object_id": "153", "object_repr": "<p>55555</p>", "action_flag": 3, "change_message": ""}}, {"model": "admin.logentry", "pk": 194, "fields": {"action_time": "2020-01-02T12:03:49.555", "user": 1, "content_type": 11, "object_id": "154", "object_repr": "<p>22222222</p>", "action_flag": 3, "change_message": ""}}, {"model": "admin.logentry", "pk": 195, "fields": {"action_time": "2020-01-02T12:03:49.568", "user": 1, "content_type": 11, "object_id": "155", "object_repr": "<p>22222222</p>", "action_flag": 3, "change_message": ""}}, {"model": "admin.logentry", "pk": 196, "fields": {"action_time": "2020-01-02T12:03:49.576", "user": 1, "content_type": 11, "object_id": "156", "object_repr": "<p>22222222</p>", "action_flag": 3, "change_message": ""}}, {"model": "admin.logentry", "pk": 197, "fields": {"action_time": "2020-01-02T12:03:49.582", "user": 1, "content_type": 11, "object_id": "157", "object_repr": "<p>22222222</p>", "action_flag": 3, "change_message": ""}}, {"model": "admin.logentry", "pk": 198, "fields": {"action_time": "2020-01-02T12:03:49.598", "user": 1, "content_type": 11, "object_id": "158", "object_repr": "<p>33333</p>", "action_flag": 3, "change_message": ""}}, {"model": "admin.logentry", "pk": 199, "fields": {"action_time": "2020-01-02T12:03:49.608", "user": 1, "content_type": 11, "object_id": "159", "object_repr": "<p>44444444444</p>", "action_flag": 3, "change_message": ""}}, {"model": "admin.logentry", "pk": 200, "fields": {"action_time": "2020-01-02T12:03:49.615", "user": 1, "content_type": 11, "object_id": "160", "object_repr": "<p>6666</p>", "action_flag": 3, "change_message": ""}}, {"model": "admin.logentry", "pk": 201, "fields": {"action_time": "2020-01-02T12:03:49.627", "user": 1, "content_type": 11, "object_id": "161", "object_repr": "<p>88888888888888</p>", "action_flag": 3, "change_message": ""}}, {"model": "admin.logentry", "pk": 202, "fields": {"action_time": "2020-01-02T12:03:49.635", "user": 1, "content_type": 11, "object_id": "162", "object_repr": "<p>33333333</p>", "action_flag": 3, "change_message": ""}}, {"model": "admin.logentry", "pk": 203, "fields": {"action_time": "2020-01-02T12:03:49.649", "user": 1, "content_type": 11, "object_id": "163", "object_repr": "<p>2222</p>", "action_flag": 3, "change_message": ""}}, {"model": "admin.logentry", "pk": 204, "fields": {"action_time": "2020-01-02T12:03:49.662", "user": 1, "content_type": 11, "object_id": "164", "object_repr": "<p>333333333</p>", "action_flag": 3, "change_message": ""}}, {"model": "admin.logentry", "pk": 205, "fields": {"action_time": "2020-01-02T12:03:49.671", "user": 1, "content_type": 11, "object_id": "165", "object_repr": "<p>\u8bf4</p>", "action_flag": 3, "change_message": ""}}, {"model": "admin.logentry", "pk": 206, "fields": {"action_time": "2020-01-02T12:03:49.682", "user": 1, "content_type": 11, "object_id": "166", "object_repr": "<p>122</p>\r\n\r\n<p>4755</p>", "action_flag": 3, "change_message": ""}}, {"model": "admin.logentry", "pk": 207, "fields": {"action_time": "2020-01-02T12:03:49.690", "user": 1, "content_type": 11, "object_id": "167", "object_repr": "<p>333333333</p>", "action_flag": 3, "change_message": ""}}, {"model": "admin.logentry", "pk": 208, "fields": {"action_time": "2020-01-02T12:03:49.704", "user": 1, "content_type": 11, "object_id": "168", "object_repr": "<p>222</p>", "action_flag": 3, "change_message": ""}}, {"model": "admin.logentry", "pk": 209, "fields": {"action_time": "2020-01-02T12:03:49.712", "user": 1, "content_type": 11, "object_id": "169", "object_repr": "<p>222</p>", "action_flag": 3, "change_message": ""}}, {"model": "admin.logentry", "pk": 210, "fields": {"action_time": "2020-01-02T12:03:49.720", "user": 1, "content_type": 11, "object_id": "170", "object_repr": "<p>333333333</p>", "action_flag": 3, "change_message": ""}}, {"model": "admin.logentry", "pk": 211, "fields": {"action_time": "2020-01-02T12:03:49.728", "user": 1, "content_type": 11, "object_id": "171", "object_repr": "<p>888888888888888</p>", "action_flag": 3, "change_message": ""}}, {"model": "admin.logentry", "pk": 212, "fields": {"action_time": "2020-01-02T12:03:49.735", "user": 1, "content_type": 11, "object_id": "172", "object_repr": "<p>111</p>", "action_flag": 3, "change_message": ""}}, {"model": "admin.logentry", "pk": 213, "fields": {"action_time": "2020-01-02T12:03:49.742", "user": 1, "content_type": 11, "object_id": "173", "object_repr": "<p>111</p>", "action_flag": 3, "change_message": ""}}, {"model": "admin.logentry", "pk": 214, "fields": {"action_time": "2020-01-02T12:03:49.748", "user": 1, "content_type": 11, "object_id": "174", "object_repr": "<p>22222222</p>", "action_flag": 3, "change_message": ""}}, {"model": "admin.logentry", "pk": 215, "fields": {"action_time": "2020-01-02T12:03:49.754", "user": 1, "content_type": 11, "object_id": "175", "object_repr": "<p>333</p>", "action_flag": 3, "change_message": ""}}, {"model": "admin.logentry", "pk": 216, "fields": {"action_time": "2020-01-02T12:03:49.760", "user": 1, "content_type": 11, "object_id": "176", "object_repr": "<p>44</p>", "action_flag": 3, "change_message": ""}}, {"model": "admin.logentry", "pk": 217, "fields": {"action_time": "2020-01-02T12:03:49.766", "user": 1, "content_type": 11, "object_id": "177", "object_repr": "<p>\u6211\u7684</p>", "action_flag": 3, "change_message": ""}}, {"model": "admin.logentry", "pk": 218, "fields": {"action_time": "2020-01-02T12:03:49.772", "user": 1, "content_type": 11, "object_id": "178", "object_repr": "<p>\u6211\u7231\u4f60</p>", "action_flag": 3, "change_message": ""}}, {"model": "admin.logentry", "pk": 219, "fields": {"action_time": "2020-01-02T12:03:49.779", "user": 1, "content_type": 11, "object_id": "179", "object_repr": "<p>\u6211\u7231\u4f60</p>", "action_flag": 3, "change_message": ""}}, {"model": "admin.logentry", "pk": 220, "fields": {"action_time": "2020-01-02T12:03:49.785", "user": 1, "content_type": 11, "object_id": "180", "object_repr": "<p>\u54c8\u54c8\u54c8\u54c8\u54c8\u54c8</p>", "action_flag": 3, "change_message": ""}}, {"model": "admin.logentry", "pk": 221, "fields": {"action_time": "2020-01-02T12:03:49.792", "user": 1, "content_type": 11, "object_id": "181", "object_repr": "<p>\u54d2\u54d2\u54d2\u54d2\u54d2\u54d2\u591a\u591a\u591a\u591a\u591a\u591a</p>", "action_flag": 3, "change_message": ""}}, {"model": "admin.logentry", "pk": 222, "fields": {"action_time": "2020-01-02T12:03:49.798", "user": 1, "content_type": 11, "object_id": "182", "object_repr": "<p>\u54d2\u54d2\u54d2\u54d2\u54d2\u54d2\u591a\u591a\u591a\u591a\u591a\u591a</p>", "action_flag": 3, "change_message": ""}}, {"model": "admin.logentry", "pk": 223, "fields": {"action_time": "2020-01-02T12:03:49.809", "user": 1, "content_type": 11, "object_id": "183", "object_repr": "<p>\u54d2\u54d2\u54d2\u54d2\u54d2\u54d2\u591a\u591a\u591a\u591a\u591a\u591a</p>", "action_flag": 3, "change_message": ""}}, {"model": "admin.logentry", "pk": 224, "fields": {"action_time": "2020-01-02T12:03:49.821", "user": 1, "content_type": 11, "object_id": "184", "object_repr": "<p>\u54d2\u54d2\u54d2\u54d2\u54d2\u54d2\u591a\u591a\u591a\u591a\u591a\u591a</p>", "action_flag": 3, "change_message": ""}}, {"model": "admin.logentry", "pk": 225, "fields": {"action_time": "2020-01-02T12:03:49.827", "user": 1, "content_type": 11, "object_id": "185", "object_repr": "<p>\u54d2\u54d2\u54d2\u54d2\u54d2\u54d2\u591a\u591a\u591a\u591a\u591a\u591a</p>", "action_flag": 3, "change_message": ""}}, {"model": "admin.logentry", "pk": 226, "fields": {"action_time": "2020-01-02T12:03:49.838", "user": 1, "content_type": 11, "object_id": "186", "object_repr": "<p>\u4e0a\u5348\u6211\u65e0\u65e0\u65e0\u65e0\u65e0\u65e0\u65e0\u65e0\u65e0</p>", "action_flag": 3, "change_message": ""}}, {"model": "admin.logentry", "pk": 227, "fields": {"action_time": "2020-01-02T13:17:34.392", "user": 1, "content_type": 11, "object_id": "187", "object_repr": "<p>1111111</p>", "action_flag": 3, "change_message": ""}}, {"model": "admin.logentry", "pk": 228, "fields": {"action_time": "2020-01-02T13:17:34.405", "user": 1, "content_type": 11, "object_id": "188", "object_repr": "<p>22222</p>", "action_flag": 3, "change_message": ""}}, {"model": "admin.logentry", "pk": 229, "fields": {"action_time": "2020-01-02T13:17:34.413", "user": 1, "content_type": 11, "object_id": "189", "object_repr": "<p>33333</p>", "action_flag": 3, "change_message": ""}}, {"model": "admin.logentry", "pk": 230, "fields": {"action_time": "2020-01-02T13:17:34.430", "user": 1, "content_type": 11, "object_id": "190", "object_repr": "<p>22222</p>", "action_flag": 3, "change_message": ""}}, {"model": "admin.logentry", "pk": 231, "fields": {"action_time": "2020-01-02T13:17:34.440", "user": 1, "content_type": 11, "object_id": "191", "object_repr": "<p>3333333</p>", "action_flag": 3, "change_message": ""}}, {"model": "admin.logentry", "pk": 232, "fields": {"action_time": "2020-01-02T13:17:34.456", "user": 1, "content_type": 11, "object_id": "192", "object_repr": "<p>11111111</p>", "action_flag": 3, "change_message": ""}}, {"model": "admin.logentry", "pk": 233, "fields": {"action_time": "2020-01-02T13:17:34.476", "user": 1, "content_type": 11, "object_id": "193", "object_repr": "<p>5555555</p>", "action_flag": 3, "change_message": ""}}, {"model": "admin.logentry", "pk": 234, "fields": {"action_time": "2020-01-02T13:17:34.495", "user": 1, "content_type": 11, "object_id": "194", "object_repr": "<p>111111</p>", "action_flag": 3, "change_message": ""}}, {"model": "admin.logentry", "pk": 235, "fields": {"action_time": "2020-01-02T13:17:34.514", "user": 1, "content_type": 11, "object_id": "195", "object_repr": "<p>222222</p>", "action_flag": 3, "change_message": ""}}, {"model": "admin.logentry", "pk": 236, "fields": {"action_time": "2020-01-02T13:17:34.531", "user": 1, "content_type": 11, "object_id": "196", "object_repr": "<p>222222222</p>", "action_flag": 3, "change_message": ""}}, {"model": "admin.logentry", "pk": 237, "fields": {"action_time": "2020-01-02T13:17:34.546", "user": 1, "content_type": 11, "object_id": "197", "object_repr": "<p>1223454</p>", "action_flag": 3, "change_message": ""}}, {"model": "admin.logentry", "pk": 238, "fields": {"action_time": "2020-01-02T13:17:34.563", "user": 1, "content_type": 11, "object_id": "198", "object_repr": "<p>2222223</p>", "action_flag": 3, "change_message": ""}}, {"model": "admin.logentry", "pk": 239, "fields": {"action_time": "2020-01-02T13:17:34.579", "user": 1, "content_type": 11, "object_id": "199", "object_repr": "<p>888888</p>", "action_flag": 3, "change_message": ""}}, {"model": "admin.logentry", "pk": 240, "fields": {"action_time": "2020-01-02T13:17:34.590", "user": 1, "content_type": 11, "object_id": "200", "object_repr": "<p>77</p>", "action_flag": 3, "change_message": ""}}, {"model": "admin.logentry", "pk": 241, "fields": {"action_time": "2020-01-02T13:17:34.610", "user": 1, "content_type": 11, "object_id": "201", "object_repr": "<p>22222</p>", "action_flag": 3, "change_message": ""}}, {"model": "admin.logentry", "pk": 242, "fields": {"action_time": "2020-01-02T13:17:34.624", "user": 1, "content_type": 11, "object_id": "202", "object_repr": "<p>3333</p>", "action_flag": 3, "change_message": ""}}, {"model": "admin.logentry", "pk": 243, "fields": {"action_time": "2020-01-02T13:17:34.634", "user": 1, "content_type": 11, "object_id": "203", "object_repr": "<p>555555</p>", "action_flag": 3, "change_message": ""}}, {"model": "admin.logentry", "pk": 244, "fields": {"action_time": "2020-01-02T13:17:34.643", "user": 1, "content_type": 11, "object_id": "204", "object_repr": "<p>3333333333</p>", "action_flag": 3, "change_message": ""}}, {"model": "admin.logentry", "pk": 245, "fields": {"action_time": "2020-01-02T13:17:34.650", "user": 1, "content_type": 11, "object_id": "205", "object_repr": "<p>333</p>", "action_flag": 3, "change_message": ""}}, {"model": "admin.logentry", "pk": 246, "fields": {"action_time": "2020-01-02T13:17:34.657", "user": 1, "content_type": 11, "object_id": "206", "object_repr": "<p>22222222222222</p>", "action_flag": 3, "change_message": ""}}, {"model": "admin.logentry", "pk": 247, "fields": {"action_time": "2020-01-02T13:17:34.666", "user": 1, "content_type": 11, "object_id": "207", "object_repr": "<p>333333333</p>", "action_flag": 3, "change_message": ""}}, {"model": "admin.logentry", "pk": 248, "fields": {"action_time": "2020-01-02T13:17:34.673", "user": 1, "content_type": 11, "object_id": "208", "object_repr": "<p>111</p>", "action_flag": 3, "change_message": ""}}, {"model": "admin.logentry", "pk": 249, "fields": {"action_time": "2020-01-02T13:17:34.680", "user": 1, "content_type": 11, "object_id": "209", "object_repr": "<p>22222222</p>", "action_flag": 3, "change_message": ""}}, {"model": "admin.logentry", "pk": 250, "fields": {"action_time": "2020-01-02T13:17:34.686", "user": 1, "content_type": 11, "object_id": "210", "object_repr": "<p>1111</p>", "action_flag": 3, "change_message": ""}}, {"model": "admin.logentry", "pk": 251, "fields": {"action_time": "2020-01-02T13:17:34.693", "user": 1, "content_type": 11, "object_id": "211", "object_repr": "<p>22222222</p>", "action_flag": 3, "change_message": ""}}, {"model": "admin.logentry", "pk": 252, "fields": {"action_time": "2020-01-02T13:21:58.262", "user": 1, "content_type": 11, "object_id": "212", "object_repr": "<p>11111111111111</p>", "action_flag": 3, "change_message": ""}}, {"model": "admin.logentry", "pk": 253, "fields": {"action_time": "2020-01-02T13:21:58.279", "user": 1, "content_type": 11, "object_id": "213", "object_repr": "<p>222222222</p>", "action_flag": 3, "change_message": ""}}, {"model": "admin.logentry", "pk": 254, "fields": {"action_time": "2020-01-02T13:21:58.289", "user": 1, "content_type": 11, "object_id": "214", "object_repr": "<p>3333333333333</p>", "action_flag": 3, "change_message": ""}}, {"model": "admin.logentry", "pk": 255, "fields": {"action_time": "2020-01-02T13:25:26.272", "user": 1, "content_type": 11, "object_id": "215", "object_repr": "<p>1111</p>", "action_flag": 3, "change_message": ""}}, {"model": "admin.logentry", "pk": 256, "fields": {"action_time": "2020-01-02T13:25:26.287", "user": 1, "content_type": 11, "object_id": "216", "object_repr": "<p>22222</p>", "action_flag": 3, "change_message": ""}}, {"model": "admin.logentry", "pk": 257, "fields": {"action_time": "2020-01-02T13:25:26.297", "user": 1, "content_type": 11, "object_id": "217", "object_repr": "<p>333333</p>", "action_flag": 3, "change_message": ""}}, {"model": "admin.logentry", "pk": 258, "fields": {"action_time": "2020-01-02T13:25:26.309", "user": 1, "content_type": 11, "object_id": "218", "object_repr": "<p>2222222</p>\r\n\r\n<p>&nbsp;</p>", "action_flag": 3, "change_message": ""}}, {"model": "admin.logentry", "pk": 259, "fields": {"action_time": "2020-01-02T13:25:26.326", "user": 1, "content_type": 11, "object_id": "219", "object_repr": "<p>1111111111</p>", "action_flag": 3, "change_message": ""}}, {"model": "admin.logentry", "pk": 260, "fields": {"action_time": "2020-01-02T13:38:15.602", "user": 1, "content_type": 11, "object_id": "220", "object_repr": "<p>11</p>", "action_flag": 3, "change_message": ""}}, {"model": "admin.logentry", "pk": 261, "fields": {"action_time": "2020-01-02T13:38:15.615", "user": 1, "content_type": 11, "object_id": "221", "object_repr": "<p>222222</p>", "action_flag": 3, "change_message": ""}}, {"model": "admin.logentry", "pk": 262, "fields": {"action_time": "2020-01-02T13:38:15.624", "user": 1, "content_type": 11, "object_id": "222", "object_repr": "<p>33333333</p>", "action_flag": 3, "change_message": ""}}, {"model": "admin.logentry", "pk": 263, "fields": {"action_time": "2020-01-02T13:38:15.635", "user": 1, "content_type": 11, "object_id": "223", "object_repr": "<p>4444444444444</p>", "action_flag": 3, "change_message": ""}}, {"model": "admin.logentry", "pk": 264, "fields": {"action_time": "2020-01-02T13:38:15.646", "user": 1, "content_type": 11, "object_id": "224", "object_repr": "<p>55555555</p>", "action_flag": 3, "change_message": ""}}, {"model": "admin.logentry", "pk": 265, "fields": {"action_time": "2020-01-02T13:38:15.655", "user": 1, "content_type": 11, "object_id": "225", "object_repr": "<p>66666666</p>", "action_flag": 3, "change_message": ""}}, {"model": "admin.logentry", "pk": 266, "fields": {"action_time": "2020-01-02T13:38:15.669", "user": 1, "content_type": 11, "object_id": "226", "object_repr": "<p>2222222</p>", "action_flag": 3, "change_message": ""}}, {"model": "admin.logentry", "pk": 267, "fields": {"action_time": "2020-01-02T15:13:40.304", "user": 1, "content_type": 11, "object_id": "227", "object_repr": "<p>111111</p>", "action_flag": 3, "change_message": ""}}, {"model": "admin.logentry", "pk": 268, "fields": {"action_time": "2020-01-02T15:13:40.317", "user": 1, "content_type": 11, "object_id": "228", "object_repr": "<p>22222222</p>", "action_flag": 3, "change_message": ""}}, {"model": "admin.logentry", "pk": 269, "fields": {"action_time": "2020-01-02T15:13:40.340", "user": 1, "content_type": 11, "object_id": "229", "object_repr": "<p>22222222233333333</p>", "action_flag": 3, "change_message": ""}}, {"model": "admin.logentry", "pk": 270, "fields": {"action_time": "2020-01-02T15:13:40.354", "user": 1, "content_type": 11, "object_id": "230", "object_repr": "<p>333333</p>", "action_flag": 3, "change_message": ""}}, {"model": "admin.logentry", "pk": 271, "fields": {"action_time": "2020-01-02T15:13:40.364", "user": 1, "content_type": 11, "object_id": "231", "object_repr": "<p>333333</p>", "action_flag": 3, "change_message": ""}}, {"model": "admin.logentry", "pk": 272, "fields": {"action_time": "2020-01-02T15:13:40.375", "user": 1, "content_type": 11, "object_id": "232", "object_repr": "<p>444444444</p>", "action_flag": 3, "change_message": ""}}, {"model": "admin.logentry", "pk": 273, "fields": {"action_time": "2020-01-02T15:13:40.386", "user": 1, "content_type": 11, "object_id": "233", "object_repr": "<p>555555555</p>", "action_flag": 3, "change_message": ""}}, {"model": "admin.logentry", "pk": 274, "fields": {"action_time": "2020-01-02T15:13:40.397", "user": 1, "content_type": 11, "object_id": "234", "object_repr": "<p>2222222</p>", "action_flag": 3, "change_message": ""}}, {"model": "admin.logentry", "pk": 275, "fields": {"action_time": "2020-01-02T15:13:40.407", "user": 1, "content_type": 11, "object_id": "235", "object_repr": "<p>33333</p>", "action_flag": 3, "change_message": ""}}, {"model": "admin.logentry", "pk": 276, "fields": {"action_time": "2020-01-02T15:13:40.418", "user": 1, "content_type": 11, "object_id": "236", "object_repr": "<p>33335555555555</p>", "action_flag": 3, "change_message": ""}}, {"model": "admin.logentry", "pk": 277, "fields": {"action_time": "2020-01-02T15:13:40.428", "user": 1, "content_type": 11, "object_id": "237", "object_repr": "<p>888888</p>", "action_flag": 3, "change_message": ""}}, {"model": "admin.logentry", "pk": 278, "fields": {"action_time": "2020-01-02T15:13:40.439", "user": 1, "content_type": 11, "object_id": "238", "object_repr": "<p>9999999999999999999999</p>", "action_flag": 3, "change_message": ""}}, {"model": "admin.logentry", "pk": 279, "fields": {"action_time": "2020-01-02T15:13:40.447", "user": 1, "content_type": 11, "object_id": "239", "object_repr": "<p>222222222222</p>", "action_flag": 3, "change_message": ""}}, {"model": "admin.logentry", "pk": 280, "fields": {"action_time": "2020-01-02T15:13:40.456", "user": 1, "content_type": 11, "object_id": "240", "object_repr": "<p>33333</p>", "action_flag": 3, "change_message": ""}}, {"model": "admin.logentry", "pk": 281, "fields": {"action_time": "2020-01-02T15:13:40.463", "user": 1, "content_type": 11, "object_id": "241", "object_repr": "<p>7879</p>", "action_flag": 3, "change_message": ""}}, {"model": "admin.logentry", "pk": 282, "fields": {"action_time": "2020-01-02T15:13:40.471", "user": 1, "content_type": 11, "object_id": "242", "object_repr": "<p>11111111</p>", "action_flag": 3, "change_message": ""}}, {"model": "admin.logentry", "pk": 283, "fields": {"action_time": "2020-01-02T15:13:40.483", "user": 1, "content_type": 11, "object_id": "243", "object_repr": "<p>11111111</p>", "action_flag": 3, "change_message": ""}}, {"model": "admin.logentry", "pk": 284, "fields": {"action_time": "2020-01-02T15:13:40.497", "user": 1, "content_type": 11, "object_id": "244", "object_repr": "<p>11111111</p>", "action_flag": 3, "change_message": ""}}, {"model": "admin.logentry", "pk": 285, "fields": {"action_time": "2020-01-05T16:14:53.915", "user": 1, "content_type": 11, "object_id": "245", "object_repr": "<p>111</p>", "action_flag": 3, "change_message": ""}}, {"model": "admin.logentry", "pk": 286, "fields": {"action_time": "2020-01-05T16:15:09.679", "user": 1, "content_type": 11, "object_id": "245", "object_repr": "<p>111</p>", "action_flag": 3, "change_message": ""}}, {"model": "admin.logentry", "pk": 287, "fields": {"action_time": "2020-01-05T16:15:18.259", "user": 1, "content_type": 11, "object_id": "246", "object_repr": "<p>2222</p>", "action_flag": 3, "change_message": ""}}, {"model": "admin.logentry", "pk": 288, "fields": {"action_time": "2020-01-05T16:15:23.415", "user": 1, "content_type": 11, "object_id": "248", "object_repr": "<p>33333333</p>", "action_flag": 3, "change_message": ""}}, {"model": "admin.logentry", "pk": 289, "fields": {"action_time": "2020-01-05T16:15:36.634", "user": 1, "content_type": 11, "object_id": "249", "object_repr": "<p>1111</p>", "action_flag": 3, "change_message": ""}}, {"model": "admin.logentry", "pk": 290, "fields": {"action_time": "2020-01-05T16:15:46.198", "user": 1, "content_type": 11, "object_id": "245", "object_repr": "<p>111</p>", "action_flag": 3, "change_message": ""}}, {"model": "admin.logentry", "pk": 291, "fields": {"action_time": "2020-01-05T16:15:54.913", "user": 1, "content_type": 11, "object_id": "250", "object_repr": "<p>4444</p>", "action_flag": 3, "change_message": ""}}, {"model": "admin.logentry", "pk": 292, "fields": {"action_time": "2020-01-05T16:16:21.703", "user": 1, "content_type": 11, "object_id": "251", "object_repr": "<p>33333333333</p>", "action_flag": 3, "change_message": ""}}, {"model": "admin.logentry", "pk": 293, "fields": {"action_time": "2020-01-05T16:16:28.224", "user": 1, "content_type": 11, "object_id": "246", "object_repr": "<p>2222</p>", "action_flag": 3, "change_message": ""}}, {"model": "admin.logentry", "pk": 294, "fields": {"action_time": "2020-01-05T16:20:48.476", "user": 1, "content_type": 11, "object_id": "252", "object_repr": "<p>58879789789</p>", "action_flag": 3, "change_message": ""}}, {"model": "admin.logentry", "pk": 295, "fields": {"action_time": "2020-01-05T16:23:00.084", "user": 1, "content_type": 11, "object_id": "245", "object_repr": "<p>111</p>", "action_flag": 3, "change_message": ""}}, {"model": "admin.logentry", "pk": 296, "fields": {"action_time": "2020-01-05T16:23:05.449", "user": 1, "content_type": 11, "object_id": "245", "object_repr": "<p>111</p>", "action_flag": 3, "change_message": ""}}, {"model": "admin.logentry", "pk": 297, "fields": {"action_time": "2020-01-05T16:23:39.460", "user": 1, "content_type": 11, "object_id": "254", "object_repr": "<p>66666666666666</p>", "action_flag": 3, "change_message": ""}}, {"model": "admin.logentry", "pk": 298, "fields": {"action_time": "2020-01-05T16:23:43.872", "user": 1, "content_type": 11, "object_id": "253", "object_repr": "<p>5555555</p>", "action_flag": 3, "change_message": ""}}, {"model": "admin.logentry", "pk": 299, "fields": {"action_time": "2020-01-05T16:51:26.600", "user": 1, "content_type": 11, "object_id": "253", "object_repr": "<p>5555555</p>", "action_flag": 3, "change_message": ""}}, {"model": "admin.logentry", "pk": 300, "fields": {"action_time": "2020-01-12T16:16:50.421", "user": 1, "content_type": 14, "object_id": "1", "object_repr": "<Profile:David for yandawei>", "action_flag": 1, "change_message": "[{\"added\": {}}]"}}, {"model": "admin.logentry", "pk": 301, "fields": {"action_time": "2020-01-12T16:17:03.524", "user": 1, "content_type": 14, "object_id": "1", "object_repr": "<Profile:\u4e25\u5927\u4e3a for yandawei>", "action_flag": 2, "change_message": "[{\"changed\": {\"fields\": [\"nickname\"]}}]"}}, {"model": "admin.logentry", "pk": 302, "fields": {"action_time": "2020-01-18T19:59:11.475", "user": 1, "content_type": 4, "object_id": "3", "object_repr": "yandawei123", "action_flag": 2, "change_message": "[{\"changed\": {\"fields\": [\"email\", \"last_login\"]}}]"}}, {"model": "admin.logentry", "pk": 303, "fields": {"action_time": "2020-02-18T13:42:23.622", "user": 2, "content_type": 4, "object_id": "2", "object_repr": "dawei", "action_flag": 2, "change_message": "[{\"changed\": {\"fields\": [\"email\", \"last_login\"]}}]"}}, {"model": "admin.logentry", "pk": 304, "fields": {"action_time": "2020-02-18T13:54:59.433", "user": 2, "content_type": 4, "object_id": "2", "object_repr": "dawei", "action_flag": 2, "change_message": "[{\"changed\": {\"fields\": [\"email\", \"last_login\"]}}]"}}, {"model": "admin.logentry", "pk": 305, "fields": {"action_time": "2020-02-18T14:01:26.501", "user": 2, "content_type": 4, "object_id": "2", "object_repr": "dawei", "action_flag": 2, "change_message": "[{\"changed\": {\"fields\": [\"email\"]}}]"}}, {"model": "admin.logentry", "pk": 306, "fields": {"action_time": "2020-02-18T14:05:04.528", "user": 2, "content_type": 4, "object_id": "4", "object_repr": "yandawei123456", "action_flag": 3, "change_message": ""}}, {"model": "admin.logentry", "pk": 307, "fields": {"action_time": "2020-02-21T17:50:39.738", "user": 1, "content_type": 11, "object_id": "250", "object_repr": "<p>\u591a\u7ebf\u7a0b\u56de\u590d\u8bc4\u8bba</p>", "action_flag": 3, "change_message": ""}}]